Age,Gender,Height,Weight,CALC,FAVC,FCVC,NCP,SCC,SMOKE,CH2O,family_history_with_overweight,FAF,TUE,CAEC,MTRANS,NObeyesdad,BMI,predicted_label,prediction_source,confidence,probability_Insufficient_Weight,probability_Normal_Weight,probability_Obesity_Type_I,probability_Overweight_Level_I,probability_Overweight_Level_II
20.027764,Male,1.611434,103.175516,no,yes,2.983042,1.109956,no,no,1.430444,yes,0.0,1.690901,Sometimes,Public_Transportation,Obesity_Type_II,39.73302259079821,Obesity_Type_I,classifier,0.9993162,0.00010272905,0.00014265087,0.9993162,0.00015419105,0.00028421858
24.007488,Male,1.617655,100.941357,no,yes,2.871016,1.834472,no,no,1.016585,yes,0.236168,0.974939,Sometimes,Public_Transportation,Obesity_Type_II,38.57423571384702,Obesity_Type_I,classifier,0.9994282,8.854003e-05,6.322254e-05,0.9994282,0.00011218241,0.00030787283
25.617227,Female,1.628019,108.265922,Sometimes,yes,3.0,3.0,no,no,1.6213,yes,0.090917,0.438216,Sometimes,Public_Transportation,Obesity_Type_III,40.84819216864177,Obesity_Type_III,clustering_override,0.9994696,8.661359e-05,5.9790313e-05,0.9994696,0.00017656655,0.00020744573
32.29016,Male,1.754956,120.098812,Sometimes,yes,2.9673,3.0,no,no,2.530035,yes,0.955317,1.339232,Sometimes,Automobile,Obesity_Type_II,38.994759547461676,Obesity_Type_II,clustering_override_stage2,0.998604,0.00011126715,7.371028e-05,0.998604,0.00028478005,0.00092627393
29.883021,Male,1.779049,112.438508,Sometimes,yes,2.065752,3.0,no,no,2.078297,yes,0.0,0.677354,Sometimes,Automobile,Obesity_Type_II,35.52542271205946,Obesity_Type_II,clustering_override_stage2,0.99885666,9.802415e-05,0.000118154705,0.99885666,0.00025026832,0.0006768751
21.633056,Female,1.754174,133.783955,Sometimes,yes,3.0,3.0,no,no,1.94595,yes,1.493018,0.906611,Sometimes,Public_Transportation,Obesity_Type_III,43.476912105888246,Obesity_Type_III,clustering_override,0.99898237,0.00012244293,0.00011840591,0.99898237,0.00025354367,0.0005231952
18.0,Female,1.57,50.0,Sometimes,yes,2.0,3.0,no,no,1.0,no,0.0,1.0,Sometimes,Public_Transportation,Normal_Weight,20.28479857195018,Normal_Weight,classifier,0.9986141,0.00036501558,0.9986141,0.0002133778,0.0005899053,0.0002176025
20.952737,Female,1.730333,132.116491,Sometimes,yes,3.0,3.0,no,no,1.674061,yes,1.683497,0.780199,Sometimes,Public_Transportation,Obesity_Type_III,44.12631382625977,Obesity_Type_III,clustering_override,0.998936,0.000125198,0.000121318866,0.998936,0.00028328606,0.0005342474
21.413498,Female,1.7199,133.886031,Sometimes,yes,3.0,3.0,no,no,2.41752,yes,1.556155,0.873936,Sometimes,Public_Transportation,Obesity_Type_III,45.26149286808129,Obesity_Type_III,clustering_override,0.9990387,0.000116252464,0.00010862647,0.9990387,0.00021801185,0.0005184019
25.982261,Female,1.629225,104.838425,Sometimes,yes,3.0,3.0,no,no,2.556068,yes,0.01682,0.58284,Sometimes,Public_Transportation,Obesity_Type_III,39.49647676840831,Obesity_Type_III,clustering_override,0.9995067,8.532633e-05,5.884915e-05,0.9995067,0.00015459357,0.00019447676
26.0,Female,1.630927,111.485516,Sometimes,yes,3.0,3.0,no,no,2.444125,yes,0.0,0.26579,Sometimes,Public_Transportation,Obesity_Type_III,41.913063294573284,Obesity_Type_III,clustering_override,0.99949753,8.532555e-05,0.00011632883,0.99949753,0.00016213964,0.00013871408
24.002404,Male,1.609418,100.078367,no,yes,2.885693,1.685134,no,no,1.011849,yes,0.503105,1.217929,Sometimes,Public_Transportation,Obesity_Type_II,38.63692027576923,Obesity_Type_I,classifier,0.9993812,8.853587e-05,6.816812e-05,0.9993812,0.00010732659,0.00035480977
26.0,Female,1.624576,110.803117,Sometimes,yes,3.0,3.0,no,no,2.704827,yes,0.0,0.269577,Sometimes,Public_Transportation,Obesity_Type_III,41.9828494462592,Obesity_Type_III,clustering_override,0.9995003,8.532578e-05,0.00011632915,0.9995003,0.00016537616,0.0001326423
32.997118,Female,1.672446,74.812707,Sometimes,yes,2.948425,1.198643,no,no,1.0,yes,0.0,0.173796,Sometimes,Automobile,Overweight_Level_I,26.746758788740376,Overweight_Level_I,classifier,0.99943286,8.2940714e-05,0.00013059324,9.782409e-05,0.99943286,0.00025577523
25.291974,Female,1.684768,104.821175,Sometimes,yes,3.0,3.0,no,no,1.444379,yes,0.224482,0.912187,Sometimes,Public_Transportation,Obesity_Type_III,36.929107649394574,Obesity_Type_III,clustering_override,0.99914384,9.5173535e-05,6.4568165e-05,0.99914384,0.00019795672,0.0004983979
19.72925,Male,1.793315,58.19515,no,yes,2.508835,3.435905,no,no,2.076933,yes,2.026668,1.443328,Sometimes,Automobile,Insufficient_Weight,18.095626751190977,Insufficient_Weight,classifier,0.9989354,0.9989354,0.0005792984,0.00010586832,0.00022912875,0.00015024653
26.0,Female,1.642572,111.868169,Sometimes,yes,3.0,3.0,no,no,2.623489,yes,0.0,0.138563,Sometimes,Public_Transportation,Obesity_Type_III,41.46271142508883,Obesity_Type_III,clustering_override,0.9994803,8.532407e-05,0.00011295574,0.9994803,0.00017354793,0.00014788104
42.337283,Female,1.64639,86.639861,no,yes,2.81646,2.27374,no,no,1.722063,yes,0.0,0.0,Sometimes,Automobile,Obesity_Type_I,31.963351277937143,Obesity_Type_I,classifier,0.99923956,8.587374e-05,0.00012595518,0.99923956,0.0002886959,0.00025994962
26.0,Female,1.621167,104.947703,Sometimes,yes,3.0,3.0,no,no,2.57721,yes,0.0,0.402075,Sometimes,Public_Transportation,Obesity_Type_III,39.93166582627691,Obesity_Type_III,clustering_override,0.9995048,8.5326166e-05,0.00011632968,0.9995048,0.00015593747,0.00013758389
30.796262,Male,1.668478,100.543983,no,yes,2.9553,2.378211,no,no,1.0,yes,1.738267,0.394533,Sometimes,Public_Transportation,Obesity_Type_II,36.11728668629471,Obesity_Type_I,classifier,0.9992926,9.218653e-05,9.956198e-05,0.9992926,0.0001361091,0.0003795555
30.607546,Male,1.757132,118.565568,Sometimes,yes,2.918113,3.0,no,no,2.240463,yes,1.076248,1.480875,Sometimes,Automobile,Obesity_Type_II,38.40164338350626,Obesity_Type_II,clustering_override_stage2,0.99871886,0.00010634327,9.6157564e-05,0.99871886,0.0002604798,0.0008182221
18.423482,Female,1.735461,126.798173,Sometimes,yes,3.0,3.0,no,no,2.38639,yes,1.544632,0.900067,Sometimes,Public_Transportation,Obesity_Type_III,42.10011469653097,Obesity_Type_III,clustering_override,0.99871397,0.00015231849,0.00014357484,0.99871397,0.0003340441,0.00065611565
25.921678,Female,1.611452,102.363149,Sometimes,yes,3.0,3.0,no,no,1.031701,yes,0.03465,0.912345,Sometimes,Public_Transportation,Obesity_Type_III,39.41929837881382,Obesity_Type_III,clustering_override,0.99943,9.186507e-05,6.373382e-05,0.99943,0.00018375267,0.00023061773
22.580038,Male,1.849507,121.560938,Sometimes,yes,3.0,2.272801,no,no,1.560064,yes,0.79677,0.0,Sometimes,Public_Transportation,Obesity_Type_II,35.53710813782194,Obesity_Type_II,clustering_override_stage2,0.99883384,0.00014121429,0.00015712855,0.99883384,0.00022128163,0.0006465789
27.562425,Male,1.908608,128.828122,Sometimes,yes,2.206276,3.0,no,no,1.813082,yes,1.94984,0.0,Sometimes,Public_Transportation,Obesity_Type_II,35.3652877579262,Obesity_Type_II,clustering_override_stage2,0.9988973,0.0001377884,0.00015882248,0.9988973,0.0002349802,0.00057111867
21.680123,Female,1.749118,133.955091,Sometimes,yes,3.0,3.0,no,no,2.827773,yes,1.412357,0.901071,Sometimes,Public_Transportation,Obesity_Type_III,43.78456159365823,Obesity_Type_III,clustering_override,0.9990109,0.00011624924,0.0001106949,0.9990109,0.00023067322,0.00053140346
30.577944,Male,1.783953,120.613561,Sometimes,yes,2.341999,3.0,no,no,2.299878,yes,0.565242,0.921991,Sometimes,Automobile,Obesity_Type_II,37.899137214325116,Obesity_Type_II,clustering_override_stage2,0.99877983,0.000106603016,6.646927e-05,0.99877983,0.00026786863,0.0007791939
22.991668,Female,1.740295,54.166453,no,yes,3.0,3.0,no,no,2.025279,yes,2.0,0.152985,Frequently,Public_Transportation,Insufficient_Weight,17.88482325406944,Insufficient_Weight,classifier,0.99932253,0.99932253,0.00038180215,8.115512e-05,0.00011648218,9.80666e-05
19.21638,Male,1.812472,86.748295,Sometimes,yes,2.0,3.0,no,no,2.168651,yes,0.977998,0.142638,Sometimes,Public_Transportation,Overweight_Level_I,26.40695561597472,Overweight_Level_I,classifier,0.994635,0.00023081886,0.00027847273,0.0005021691,0.994635,0.0043536234
20.068432,Male,1.657132,105.580491,no,yes,2.724121,1.437959,no,no,1.590418,yes,0.029603,1.122118,Sometimes,Public_Transportation,Obesity_Type_II,38.447620761168636,Obesity_Type_I,classifier,0.99935263,9.854487e-05,7.555359e-05,0.99935263,0.0001428825,0.00033033828
26.0,Female,1.613574,107.012256,Sometimes,yes,3.0,3.0,no,no,2.678779,yes,0.0,0.508848,Sometimes,Public_Transportation,Obesity_Type_III,41.10131766569172,Obesity_Type_III,clustering_override,0.9994443,8.5321e-05,0.0001157237,0.9994443,0.0001576692,0.00019699479
25.0,Male,1.79,72.0,Sometimes,yes,2.0,3.0,no,no,2.0,yes,1.0,1.0,Sometimes,Public_Transportation,Normal_Weight,22.47120876377142,Normal_Weight,classifier,0.99885654,0.00012544224,0.99885654,0.00018122625,0.00040997542,0.00042686108
45.0,Female,1.63,77.0,no,yes,2.0,3.0,no,no,1.0,yes,0.0,0.0,Frequently,Automobile,Overweight_Level_II,28.981143437841094,Overweight_Level_II,classifier,0.9715523,0.0021311082,0.006026131,0.010220061,0.01007034,0.9715523
23.0,Male,1.74,93.5,Frequently,yes,2.0,3.0,no,yes,1.0,no,1.0,1.0,Frequently,Automobile,Obesity_Type_I,30.88254723213106,Obesity_Type_I,classifier,0.99745697,0.00013188775,0.0003509806,0.99745697,0.00056640507,0.0014938122
21.982942,Female,1.748584,133.742943,Sometimes,yes,3.0,3.0,no,no,2.00513,yes,1.34139,0.59927,Sometimes,Public_Transportation,Obesity_Type_III,43.74192335253201,Obesity_Type_III,clustering_override,0.9989548,0.00012243954,0.00011658932,0.9989548,0.00024811478,0.000558064
31.346845,Male,1.823545,126.460936,Sometimes,yes,2.938801,3.0,no,yes,1.478994,yes,0.946763,1.360463,Sometimes,Public_Transportation,Obesity_Type_II,38.02974575713483,Obesity_Type_II,clustering_override_stage2,0.9986511,0.00012273568,9.2631446e-05,0.9986511,0.00019371265,0.0009398647
34.161998,Male,1.705682,103.067766,no,yes,2.562687,2.100918,no,no,1.458545,yes,1.167856,0.412329,Sometimes,Public_Transportation,Obesity_Type_II,35.42637618642961,Obesity_Type_I,classifier,0.99897194,0.00010747146,9.343375e-05,0.99897194,0.00016495064,0.0006621791
18.611197,Male,1.714143,96.568814,no,yes,2.0,2.967089,no,no,2.0,yes,0.0,0.467048,Sometimes,Public_Transportation,Obesity_Type_I,32.86569334071905,Obesity_Type_I,classifier,0.9978599,9.8573975e-05,0.00021619194,0.9978599,0.000252574,0.0015727325
24.001889,Male,1.614075,100.245302,no,yes,2.880483,1.703299,no,no,1.006378,yes,1.076729,1.058007,Sometimes,Public_Transportation,Obesity_Type_II,38.47836471590033,Obesity_Type_I,classifier,0.9993075,9.116812e-05,9.566746e-05,0.9993075,0.00010916422,0.00039651585
29.620095,Male,1.787933,112.536367,Sometimes,yes,2.008245,3.0,no,no,2.040137,yes,0.0,0.474216,Sometimes,Automobile,Obesity_Type_II,35.20387013586207,Obesity_Type_II,clustering_override_stage2,0.99889576,7.119239e-05,0.00011852512,0.99889576,0.00025682317,0.0006576877
23.664709,Female,1.738836,133.472641,Sometimes,yes,3.0,3.0,no,no,2.863513,yes,1.026452,0.714137,Sometimes,Public_Transportation,Obesity_Type_III,44.14433793816422,Obesity_Type_III,clustering_override,0.99896944,0.00010684189,9.571475e-05,0.99896944,0.0001959692,0.00063199096
24.201622,Male,1.77558,120.589419,Sometimes,yes,2.113843,3.0,no,no,2.316069,yes,1.804157,0.357314,Sometimes,Public_Transportation,Obesity_Type_II,38.24975992924784,Obesity_Type_II,clustering_override_stage2,0.9992415,0.00010085489,9.906769e-05,0.9992415,0.00018073332,0.0003778531
32.278869,Female,1.64602,74.147443,Sometimes,yes,2.885178,2.562895,no,no,1.017006,yes,0.588673,0.916291,Sometimes,Automobile,Overweight_Level_I,27.366922555682745,Overweight_Level_II,classifier_low_confidence,0.54546046,0.002138879,0.0012758841,0.002327735,0.448797,0.54546046
37.765356,Male,1.763582,117.86159,Sometimes,yes,2.145114,2.888193,no,no,2.038128,yes,0.852344,0.0,Sometimes,Automobile,Obesity_Type_II,37.89491877328083,Obesity_Type_II,clustering_override_stage2,0.99859804,0.00010563664,9.195673e-05,0.99859804,0.0003526437,0.0008517468
25.509034,Male,1.77219,114.097656,Sometimes,yes,2.19331,3.0,no,no,2.089983,yes,1.360994,0.857438,Sometimes,Public_Transportation,Obesity_Type_II,36.32922716807124,Obesity_Type_II,clustering_override_stage2,0.99900633,0.00010012772,9.838727e-05,0.99900633,0.00014651945,0.0006486201
33.789301,Male,1.6811,102.523111,no,yes,2.813775,2.372705,no,no,1.0,yes,1.979355,0.0,Sometimes,Public_Transportation,Obesity_Type_II,36.27727688815064,Obesity_Type_I,classifier,0.9988337,9.687427e-05,0.00014148442,0.9988337,0.00014279032,0.0007850937
24.317607,Female,1.586751,79.109029,no,yes,2.0,1.0,no,no,2.0,yes,0.852446,0.0,Sometimes,Public_Transportation,Obesity_Type_I,31.4201672564958,Obesity_Type_I,classifier,0.99908924,8.149461e-05,0.0001269822,0.99908924,0.00019689233,0.0005053786
22.909992,Female,1.700038,80.0,no,yes,2.0,3.0,no,no,2.0,yes,0.973114,1.540298,Sometimes,Public_Transportation,Overweight_Level_II,27.68042340807099,Overweight_Level_II,classifier,0.9985423,0.0001282808,0.00014663809,0.0002555505,0.0009271942,0.9985423
31.199261,Male,1.848845,125.077863,Sometimes,yes,2.49619,3.0,no,yes,1.662117,yes,0.992371,0.217632,Sometimes,Public_Transportation,Obesity_Type_II,36.59143540842316,Obesity_Type_II,clustering_override_stage2,0.9988285,0.0001337595,8.7935216e-05,0.9988285,0.0002462514,0.0007036233
22.0,Male,1.691303,80.539,Sometimes,yes,2.0,2.038373,no,no,2.0,yes,2.70825,1.506576,Sometimes,Public_Transportation,Overweight_Level_II,28.155509747775493,Overweight_Level_II,classifier,0.99898857,0.00013291404,0.00028157738,0.00026562897,0.00033133404,0.99898857
25.895546,Female,1.626179,110.074019,Sometimes,yes,3.0,3.0,no,no,1.967707,yes,0.01437,0.434073,Sometimes,Public_Transportation,Obesity_Type_III,41.62441346048056,Obesity_Type_III,clustering_override,0.9994831,8.661477e-05,5.9791124e-05,0.9994831,0.00016247272,0.00020804332
25.696073,Female,1.662978,110.930509,Sometimes,yes,3.0,3.0,no,no,1.679489,yes,0.017804,0.21523,Sometimes,Public_Transportation,Obesity_Type_III,40.11234002143127,Obesity_Type_III,clustering_override,0.99949133,8.8363166e-05,6.0902963e-05,0.99949133,0.00019154622,0.00016779595
19.376997,Female,1.600264,45.0,Sometimes,no,3.0,3.0,yes,no,2.949419,no,1.295697,0.0,Frequently,Public_Transportation,Insufficient_Weight,17.572325654127575,Insufficient_Weight,classifier,0.9987043,0.9987043,0.0007622907,9.115672e-05,0.0002797614,0.00016248785
29.0,Female,1.7,78.0,Frequently,yes,3.0,3.0,no,no,1.0,yes,2.0,1.0,Sometimes,Automobile,Overweight_Level_II,26.989619377162633,Overweight_Level_II,classifier,0.9827915,0.0005957811,0.0010284543,0.00068516296,0.014899124,0.9827915
21.0,Male,1.66,62.0,Frequently,yes,2.0,3.0,no,yes,2.0,yes,1.0,1.0,Sometimes,Public_Transportation,Normal_Weight,22.49963710262738,Normal_Weight,classifier,0.9992361,0.00010912301,0.9992361,0.00013991668,0.00033807088,0.00017675458
23.745833,Male,1.756772,117.326523,Sometimes,yes,1.537505,3.0,no,no,2.0,yes,1.631912,0.631422,Sometimes,Public_Transportation,Obesity_Type_II,38.01591068599663,Obesity_Type_II,clustering_override_stage2,0.9987859,7.9706886e-05,0.00014497669,0.9987859,0.00021569453,0.00077367254
19.035557,Female,1.682594,127.427458,Sometimes,yes,3.0,3.0,no,no,1.441289,yes,1.425712,0.662277,Sometimes,Public_Transportation,Obesity_Type_III,45.009516508637454,Obesity_Type_III,clustering_override,0.999025,0.000113771035,0.000106554566,0.999025,0.00024304463,0.0005116744
28.404332,Male,1.787379,112.173731,Sometimes,yes,1.878251,3.0,no,no,2.022933,yes,0.0,0.325445,Sometimes,Automobile,Obesity_Type_II,35.11218555887231,Obesity_Type_II,clustering_override_stage2,0.99902284,6.9574424e-05,0.00012631192,0.99902284,0.00028822562,0.0004930771
22.906886,Male,1.81955,120.775439,Sometimes,yes,2.636719,2.806341,no,no,1.967591,yes,1.525384,0.315595,Sometimes,Public_Transportation,Obesity_Type_II,36.47964777077644,Obesity_Type_II,clustering_override_stage2,0.99914265,0.00011934018,0.00011429342,0.99914265,0.00020893662,0.0004147097
18.862264,Female,1.746277,128.705761,Sometimes,yes,3.0,3.0,no,no,2.411582,yes,0.985287,0.675076,Sometimes,Public_Transportation,Obesity_Type_III,42.205759394349336,Obesity_Type_III,clustering_override,0.998621,0.00014923804,0.00010607134,0.998621,0.0003226454,0.00080103934
18.0,Male,1.79,52.0,Sometimes,no,3.0,3.0,no,no,2.0,no,1.0,1.0,Sometimes,Public_Transportation,Insufficient_Weight,16.22920632939047,Insufficient_Weight,classifier,0.99878365,0.99878365,0.0008073083,7.648319e-05,0.00015026411,0.0001823499
19.872667,Female,1.817231,152.371911,Sometimes,yes,3.0,3.0,no,no,2.305521,yes,1.956278,0.92376,Sometimes,Public_Transportation,Obesity_Type_III,46.14074906853087,Obesity_Type_III,clustering_override,0.9989436,0.00013519726,0.00014465359,0.9989436,0.00029273404,0.0004837691
22.343204,Male,1.87034,121.458232,Sometimes,yes,2.836055,2.675411,no,no,1.711666,yes,0.93732,0.0,Sometimes,Public_Transportation,Obesity_Type_II,34.7204888366001,Obesity_Type_II,clustering_override_stage2,0.9987974,0.00014616172,0.00013210505,0.9987974,0.0002289464,0.0006953249
21.840654,Female,1.747479,136.516648,Sometimes,yes,3.0,3.0,no,no,1.607531,yes,1.963379,0.858392,Sometimes,Public_Transportation,Obesity_Type_III,44.70557502615472,Obesity_Type_III,clustering_override,0.99897087,0.00012244152,0.0001234275,0.99897087,0.00027452747,0.0005087072
27.0,Female,1.55,62.877347,Sometimes,yes,2.244142,1.704828,no,no,1.0,no,0.792929,0.395468,Sometimes,Public_Transportation,Overweight_Level_I,26.17163246618106,Overweight_Level_I,classifier,0.9988545,0.00033074344,0.00026201663,0.00029681626,0.9988545,0.0002559602
40.106145,Male,1.760175,117.651046,Sometimes,yes,2.032883,2.976211,no,no,1.726109,yes,0.477855,0.0,Sometimes,Automobile,Obesity_Type_II,37.97380325873092,Obesity_Type_II,clustering_override_stage2,0.9985001,7.814851e-05,9.5462165e-05,0.9985001,0.0003861538,0.0009401049
20.971429,Female,1.549311,41.557468,Sometimes,yes,2.927218,1.0,no,no,1.0,no,0.0,0.276592,Frequently,Public_Transportation,Insufficient_Weight,17.312981718550116,Insufficient_Weight,classifier,0.9989893,0.9989893,0.0005459047,0.000111291294,0.00026773245,8.571921e-05
25.136116,Male,1.76414,113.089716,Sometimes,yes,1.168856,3.0,no,no,2.013205,yes,1.246223,0.00159,Sometimes,Public_Transportation,Obesity_Type_II,36.33766517943794,Obesity_Type_II,clustering_override_stage2,0.9988387,7.8018675e-05,0.00017130742,0.9988387,0.00021429097,0.0006977301
23.0,Female,1.68,67.0,Sometimes,yes,2.0,3.0,no,no,1.0,yes,0.0,0.0,Frequently,Public_Transportation,Normal_Weight,23.738662131519277,Normal_Weight,classifier,0.99831855,0.00014633592,0.99831855,0.00016502837,0.0011480985,0.00022198143
24.001685,Male,1.606066,99.961731,no,yes,3.0,1.418833,no,no,1.0,yes,1.19102,1.384186,Sometimes,Public_Transportation,Obesity_Type_II,38.753148402765426,Obesity_Type_I,classifier,0.99925786,9.665576e-05,0.00012502425,0.99925786,0.00011293029,0.0004075504
30.554956,Male,1.779136,120.60094,Sometimes,yes,2.671238,3.0,no,no,2.145368,yes,0.882709,0.593917,Sometimes,Automobile,Obesity_Type_II,38.100651137738865,Obesity_Type_II,clustering_override_stage2,0.9987876,0.00010693466,6.648386e-05,0.9987876,0.0002568703,0.00078215526
20.871153,Female,1.690614,129.769141,Sometimes,yes,3.0,3.0,no,no,1.154698,yes,1.71836,0.959218,Sometimes,Public_Transportation,Obesity_Type_III,45.40278651742437,Obesity_Type_III,clustering_override,0.99904925,0.00011167115,0.000107774154,0.99904925,0.0002275579,0.00050378864
26.0,Female,1.641918,111.86899,Sometimes,yes,3.0,3.0,no,no,2.635454,yes,0.0,0.088309,Sometimes,Public_Transportation,Obesity_Type_III,41.496052951559236,Obesity_Type_III,clustering_override,0.9994754,8.5323656e-05,0.0001129552,0.9994754,0.00017354707,0.0001528355
26.0,Female,1.62788,104.92057,Sometimes,yes,3.0,3.0,no,no,2.588107,yes,0.0,0.465607,Sometimes,Public_Transportation,Obesity_Type_III,39.59276811066635,Obesity_Type_III,clustering_override,0.9994518,8.532164e-05,0.000115724564,0.9994518,0.00015272017,0.00019446608
30.424369,Male,1.699354,100.176866,no,yes,2.819934,1.91863,no,no,1.0,yes,1.39302,0.553311,Sometimes,Public_Transportation,Obesity_Type_II,34.68963454559738,Obesity_Type_I,classifier,0.9986494,0.0001023305,0.000108322056,0.9986494,0.00013616035,0.001003815
27.558801,Male,1.801224,119.050381,Sometimes,yes,2.744994,3.0,no,no,2.478838,yes,0.684487,0.677909,Sometimes,Public_Transportation,Obesity_Type_II,36.69402391324775,Obesity_Type_II,clustering_override_stage2,0.9989122,0.00010743101,7.1597184e-05,0.9989122,0.00016025169,0.0007484867
18.0,Female,1.647971,68.818893,no,yes,2.0,1.411685,no,no,1.859089,yes,0.0,1.306,Sometimes,Public_Transportation,Overweight_Level_I,25.340113305948663,Overweight_Level_I,classifier,0.99874026,0.00017129509,0.00055854034,0.0002594268,0.99874026,0.0002704554
18.222536,Female,1.801746,141.166265,Sometimes,yes,3.0,3.0,no,no,2.418488,yes,1.99507,0.893514,Sometimes,Public_Transportation,Obesity_Type_III,43.48543222258821,Obesity_Type_III,clustering_override,0.9986952,0.00016489049,0.00018334771,0.9986952,0.00036277794,0.0005938665
25.524336,Female,1.668931,104.768318,Sometimes,yes,3.0,3.0,no,no,1.436616,yes,0.167086,0.764717,Sometimes,Public_Transportation,Obesity_Type_III,37.61431942298028,Obesity_Type_III,clustering_override,0.9994099,8.791477e-05,6.058444e-05,0.9994099,0.00018901871,0.0002526153
18.0,Male,1.7,50.0,Sometimes,yes,1.0,3.0,no,no,1.0,no,2.0,1.0,Frequently,Public_Transportation,Insufficient_Weight,17.301038062283737,Insufficient_Weight,classifier,0.99647576,0.99647576,0.0027061778,0.00016339449,0.0004255771,0.00022909378
26.0,Female,1.624134,111.531208,Sometimes,yes,3.0,3.0,no,no,2.609188,yes,0.0,0.17403,Sometimes,Public_Transportation,Obesity_Type_III,42.281724290113786,Obesity_Type_III,clustering_override,0.9994997,8.532573e-05,0.00011632908,0.9994997,0.00016537606,0.0001332274
25.943827,Female,1.629491,104.839068,Sometimes,yes,3.0,3.0,no,no,2.20979,yes,0.114698,0.604422,Sometimes,Public_Transportation,Obesity_Type_III,39.48382508216453,Obesity_Type_III,clustering_override,0.9994912,8.489887e-05,5.8848236e-05,0.9994912,0.00016236947,0.00020266631
33.700749,Female,1.642971,74.803157,Sometimes,no,3.0,1.146052,no,no,1.074048,yes,0.679935,0.0,Sometimes,Automobile,Overweight_Level_I,27.71150620625433,Overweight_Level_II,classifier_low_confidence,0.788664,0.0020983065,0.0023844414,0.0020541865,0.20479909,0.788664
26.0,Female,1.584782,105.055597,Sometimes,yes,3.0,3.0,no,no,1.197667,yes,0.0,0.534769,Sometimes,Public_Transportation,Obesity_Type_III,41.829255555314724,Obesity_Type_III,clustering_override,0.9993728,9.187391e-05,0.00012339263,0.9993728,0.00018285253,0.00022906845
18.743587,Female,1.789143,138.202869,Sometimes,yes,3.0,3.0,no,no,2.83377,yes,0.806422,0.672513,Sometimes,Public_Transportation,Obesity_Type_III,43.17446369827797,Obesity_Type_III,clustering_override,0.9986999,0.00015011273,0.00010664187,0.9986999,0.0003515663,0.00069179205
30.0,Male,1.92,130.0,Sometimes,no,2.0,3.0,no,yes,1.0,yes,1.0,0.0,Sometimes,Public_Transportation,Obesity_Type_II,35.26475694444444,Obesity_Type_II,clustering_override_stage2,0.997482,0.00012325788,0.00027779478,0.997482,0.00031618116,0.001800798
26.0,Female,1.632377,111.946655,Sometimes,yes,3.0,3.0,no,no,2.737091,yes,0.0,0.037078,Sometimes,Public_Transportation,Obesity_Type_III,42.01169339311818,Obesity_Type_III,clustering_override,0.99948466,8.532445e-05,0.000116327334,0.99948466,0.00016079219,0.00015283693
25.795187,Female,1.669039,104.593929,Sometimes,yes,3.0,3.0,no,no,1.554925,yes,0.209586,0.823069,Sometimes,Public_Transportation,Obesity_Type_III,37.546849994979546,Obesity_Type_III,clustering_override,0.9994129,8.791503e-05,6.058462e-05,0.9994129,0.00018901927,0.00024965705
21.721507,Male,1.849998,122.119682,Sometimes,yes,3.0,2.014671,no,no,1.292786,yes,0.145687,0.0,Sometimes,Public_Transportation,Obesity_Type_II,35.68150359181413,Obesity_Type_II,clustering_override_stage2,0.99881065,0.00014252609,0.00016870696,0.99881065,0.00025282503,0.00062536134
26.0,Female,1.622468,110.400847,Sometimes,yes,3.0,3.0,no,no,2.695094,yes,0.0,0.413474,Sometimes,Public_Transportation,Obesity_Type_III,41.93919840586009,Obesity_Type_III,clustering_override,0.99950254,8.532597e-05,0.000116329415,0.99950254,0.000155776,0.00014004372
22.829753,Male,1.765137,116.669906,Sometimes,yes,1.482722,3.0,no,no,2.0,yes,1.112504,0.690353,Sometimes,Public_Transportation,Obesity_Type_II,37.445704942601026,Obesity_Type_II,clustering_override_stage2,0.9986846,8.4339415e-05,0.00014773612,0.9986846,0.00021161414,0.0008717392
30.62865,Male,1.766975,118.363376,Sometimes,yes,2.964319,3.0,no,no,2.377257,yes,0.614959,1.875023,Sometimes,Automobile,Obesity_Type_II,37.91024000212994,Obesity_Type_II,clustering_override_stage2,0.9987036,0.000108727545,7.228008e-05,0.9987036,0.00026598285,0.00084942917
18.826782,Female,1.746416,133.747012,Sometimes,yes,3.0,3.0,no,no,2.858389,yes,1.444382,0.713823,Sometimes,Public_Transportation,Obesity_Type_III,43.851927280111056,Obesity_Type_III,clustering_override,0.99864143,0.00015230743,0.00014630232,0.99864143,0.00033544758,0.0007245077
19.529746,Female,1.751038,133.843033,Sometimes,yes,3.0,3.0,no,no,2.955075,yes,1.46046,0.655558,Sometimes,Public_Transportation,Obesity_Type_III,43.65204835124973,Obesity_Type_III,clustering_override,0.998919,0.00012821236,0.000123157,0.998919,0.00028220538,0.0005474916
19.833682,Female,1.699464,49.676046,Sometimes,yes,1.270448,3.731212,no,no,1.876915,no,2.0,1.0,Frequently,Public_Transportation,Insufficient_Weight,17.19978752642145,Insufficient_Weight,classifier,0.9981336,0.9981336,0.0011339436,0.00014796712,0.00041139076,0.0001730812
18.314593,Female,1.745602,133.554686,Sometimes,yes,3.0,3.0,no,no,2.923792,yes,1.536555,0.62535,Sometimes,Public_Transportation,Obesity_Type_III,43.829717245866924,Obesity_Type_III,clustering_override,0.9987312,0.00015232112,0.00014788877,0.9987312,0.00034464966,0.00062394625
21.0,Female,1.752944,77.965532,Sometimes,yes,2.839048,2.10601,no,no,1.639202,yes,1.117311,0.967919,Sometimes,Public_Transportation,Overweight_Level_I,25.372692853634774,Overweight_Level_I,classifier,0.99847716,0.0002369101,0.00020614438,0.00025845575,0.99847716,0.000821308
37.597953,Female,1.62901,80.0,Sometimes,yes,2.450784,2.952821,no,no,1.335192,yes,0.180276,0.0,Sometimes,Automobile,Obesity_Type_I,30.146887921680744,Obesity_Type_I,classifier,0.9935088,0.00034904052,0.000274054,0.9935088,0.0027373652,0.003130801
18.525525,Male,1.856633,59.258372,no,yes,2.592247,3.304123,no,no,2.036764,yes,2.038653,1.119877,Sometimes,Automobile,Insufficient_Weight,17.190859275873304,Insufficient_Weight,classifier,0.9988403,0.9988403,0.00063042156,0.00011521121,0.0002496018,0.00016454054
19.726522,Female,1.508267,61.10403,Sometimes,yes,2.778079,3.0,yes,no,1.696691,no,0.94224,0.879925,Sometimes,Public_Transportation,Overweight_Level_I,26.860456922618667,Overweight_Level_I,classifier,0.9978801,0.00026271012,0.00014443608,0.0001710309,0.9978801,0.0015417449
21.72127,Male,1.712163,98.699971,no,yes,2.0,2.977543,no,no,2.205977,yes,2.698874,2.0,Sometimes,Public_Transportation,Obesity_Type_I,33.668735799790326,Obesity_Type_I,classifier,0.9987387,7.660596e-05,0.00015722826,0.9987387,0.00015156023,0.0008758852
25.908829,Female,1.607734,102.305767,Sometimes,yes,3.0,3.0,no,no,1.030501,yes,0.06582,0.991473,Sometimes,Public_Transportation,Obesity_Type_III,39.57962938376288,Obesity_Type_III,clustering_override,0.99941576,9.280251e-05,6.4150016e-05,0.99941576,0.00018405642,0.00024319279
25.994746,Male,1.811602,106.042142,Sometimes,yes,3.0,3.0,no,no,2.858171,yes,1.813318,0.680215,Sometimes,Public_Transportation,Obesity_Type_I,32.311186700674334,Obesity_Type_I,classifier,0.9990445,0.000113127564,0.00012401571,0.9990445,0.0001589853,0.0005593285
19.084317,Male,1.851123,61.264785,Sometimes,yes,3.0,3.994588,no,no,2.548527,yes,1.285976,0.267076,Sometimes,Automobile,Insufficient_Weight,17.878882077283855,Insufficient_Weight,classifier,0.9983187,0.9983187,0.0006383614,0.00016500794,0.00067994057,0.00019801933
31.398281,Male,1.919543,101.544589,Sometimes,yes,2.0,1.005391,no,no,2.001936,yes,1.0,0.0,Sometimes,Public_Transportation,Overweight_Level_II,27.558850292850366,Overweight_Level_II,classifier,0.99649847,0.00025010525,0.00047730806,0.0008633434,0.0019107842,0.99649847
25.919571,Female,1.610488,102.174953,Sometimes,yes,3.0,3.0,no,no,1.032834,yes,0.04525,0.922749,Sometimes,Public_Transportation,Obesity_Type_III,39.39394373332197,Obesity_Type_III,clustering_override,0.99943,9.186507e-05,6.373382e-05,0.99943,0.00018375267,0.00023061773
26.0,Female,1.640606,111.036881,Sometimes,yes,3.0,3.0,no,no,2.709428,yes,0.0,0.228486,Sometimes,Public_Transportation,Obesity_Type_III,41.25329695754301,Obesity_Type_III,clustering_override,0.9995012,8.532586e-05,0.00011632926,0.9995012,0.00016684021,0.00013020918
25.447208,Male,1.65891,104.548794,no,yes,2.859097,1.340361,no,no,1.530508,yes,0.174475,1.261705,Sometimes,Public_Transportation,Obesity_Type_II,37.99035722469927,Obesity_Type_I,classifier,0.9994086,8.6447064e-05,6.7069726e-05,0.9994086,0.000106222345,0.00033171746
21.853826,Female,1.755643,137.796884,Sometimes,yes,3.0,3.0,no,no,2.184707,yes,1.978631,0.838957,Sometimes,Public_Transportation,Obesity_Type_III,44.70611989614442,Obesity_Type_III,clustering_override,0.99906105,0.00011663965,0.000117023264,0.99906105,0.00023786727,0.00046740743
30.702559,Male,1.86198,126.418413,Sometimes,yes,2.927187,3.0,no,no,1.508796,yes,0.902776,1.015467,Sometimes,Public_Transportation,Obesity_Type_II,36.46366437782082,Obesity_Type_II,clustering_override_stage2,0.998453,0.00014228455,9.473821e-05,0.998453,0.0002273499,0.0010826498
25.992898,Female,1.638075,105.036522,Sometimes,yes,3.0,3.0,no,no,2.419153,yes,0.019404,0.597626,Sometimes,Public_Transportation,Obesity_Type_III,39.14468191034727,Obesity_Type_III,clustering_override,0.9994941,8.532525e-05,5.8848404e-05,0.9994941,0.00015907279,0.0002026669
25.902283,Female,1.669701,104.585783,Sometimes,yes,3.0,3.0,no,no,1.570188,yes,0.210351,0.881848,Sometimes,Public_Transportation,Obesity_Type_III,37.514160973213095,Obesity_Type_III,clustering_override,0.9994129,8.791503e-05,6.058462e-05,0.9994129,0.00018901927,0.00024965705
26.0,Female,1.631332,111.829957,Sometimes,yes,3.0,3.0,no,no,2.55975,yes,0.0,0.237307,Sometimes,Public_Transportation,Obesity_Type_III,42.02168348356967,Obesity_Type_III,clustering_override,0.9995036,8.5326064e-05,0.00011632954,0.9995036,0.00016214061,0.00013264273
22.846357,Female,1.757442,133.365094,Sometimes,yes,3.0,3.0,no,no,2.84837,yes,1.206059,0.766668,Sometimes,Public_Transportation,Obesity_Type_III,43.17975493327934,Obesity_Type_III,clustering_override,0.9990495,0.00011417339,0.000102135804,0.9990495,0.00021111385,0.0005230485
25.100513,Male,1.830596,118.424156,Sometimes,yes,1.455602,3.0,no,no,2.363307,yes,1.144683,0.101026,Sometimes,Public_Transportation,Obesity_Type_II,35.339083336070416,Obesity_Type_II,clustering_override_stage2,0.9988863,8.157135e-05,0.00013083337,0.9988863,0.00023963976,0.0006616729
25.758307,Male,1.766547,115.45845,Sometimes,yes,2.203962,3.0,no,no,2.15687,yes,1.289421,1.220767,Sometimes,Public_Transportation,Obesity_Type_II,36.997751387498134,Obesity_Type_II,clustering_override_stage2,0.9989441,0.000102311125,0.00010899919,0.9989441,0.00014806793,0.00069653883
20.741442,Female,1.694439,122.813033,Sometimes,yes,3.0,3.0,no,no,1.409444,yes,0.933595,0.840393,Sometimes,Public_Transportation,Obesity_Type_III,42.77525224622103,Obesity_Type_III,clustering_override,0.9990108,0.00010918314,7.684279e-05,0.9990108,0.00022099772,0.00058215985
25.846279,Male,1.772731,115.828167,Sometimes,yes,2.381164,3.0,no,no,2.170225,yes,1.211048,1.89933,Sometimes,Public_Transportation,Obesity_Type_II,36.85772326479563,Obesity_Type_II,clustering_override_stage2,0.998979,0.000105405175,0.00010830676,0.998979,0.00014199354,0.0006653165
22.480889,Female,1.605662,82.470375,Sometimes,yes,1.557287,1.0,no,no,2.371015,yes,0.288032,2.0,Sometimes,Public_Transportation,Obesity_Type_I,31.988193216687318,Obesity_Type_I,classifier,0.9992551,7.3638716e-05,7.7750105e-05,0.9992551,0.00030604537,0.0002874301
20.941943,Female,1.812963,138.730619,Sometimes,yes,3.0,3.0,no,no,2.641489,yes,0.481555,0.735201,Sometimes,Public_Transportation,Obesity_Type_III,42.20796778052687,Obesity_Type_III,clustering_override,0.9989858,0.00012373448,9.598928e-05,0.9989858,0.0002668895,0.0005275269
25.974446,Female,1.628855,108.090006,Sometimes,yes,3.0,3.0,no,no,1.757105,yes,0.085119,0.465444,Sometimes,Public_Transportation,Obesity_Type_III,40.739968636309754,Obesity_Type_III,clustering_override,0.9994804,8.661453e-05,5.979096e-05,0.9994804,0.00016515113,0.00020804275
18.771001,Female,1.746652,133.800129,Sometimes,yes,3.0,3.0,no,no,2.869234,yes,1.465931,0.627886,Sometimes,Public_Transportation,Obesity_Type_III,43.85748880019839,Obesity_Type_III,clustering_override,0.9986671,0.00015231135,0.00014787928,0.9986671,0.0003377052,0.00069496175
26.0,Female,1.639524,111.945588,Sometimes,yes,3.0,3.0,no,no,2.739351,yes,0.0,0.064769,Sometimes,Public_Transportation,Obesity_Type_III,41.64582069861573,Obesity_Type_III,clustering_override,0.99947876,8.532394e-05,0.00011632664,0.99947876,0.00016683646,0.00015283602
26.680376,Male,1.812259,118.277657,Sometimes,yes,2.239634,3.0,no,no,2.684264,yes,0.979306,0.0,Sometimes,Public_Transportation,Obesity_Type_II,36.01323893625478,Obesity_Type_II,clustering_override_stage2,0.9990232,0.000105141684,0.00010235631,0.9990232,0.00016552012,0.0006037932
19.0,Female,1.76,79.544998,Frequently,yes,2.0,1.146794,no,no,3.0,yes,1.809745,1.690102,Sometimes,Public_Transportation,Overweight_Level_I,25.67955772210744,Overweight_Level_I,classifier,0.99844724,0.00017928139,0.00028326464,0.0003217333,0.99844724,0.0007685465
23.0,Female,1.717601,51.073918,no,yes,2.0,3.0,no,no,1.426874,yes,2.20208,2.0,Frequently,Public_Transportation,Insufficient_Weight,17.312293504988723,Insufficient_Weight,classifier,0.997835,0.997835,0.0014404152,0.0001756877,0.00028004995,0.00026891692
25.512048,Male,1.660761,104.321463,no,yes,2.748971,1.213431,no,no,1.448875,yes,0.128548,1.239038,Sometimes,Public_Transportation,Obesity_Type_II,37.82329793041324,Obesity_Type_I,classifier,0.9994068,8.7768734e-05,6.809514e-05,0.9994068,0.00010971982,0.00032764126
38.748307,Male,1.782067,103.586342,Frequently,yes,2.845961,1.92822,no,no,2.642273,yes,2.999918,1.0,Sometimes,Automobile,Obesity_Type_I,32.617783118119576,Obesity_Type_I,classifier,0.9989103,0.00010900101,0.00014765159,0.9989103,0.00026599475,0.00056708325
22.906342,Male,1.755902,120.021161,Sometimes,yes,2.971574,2.80742,no,no,1.962646,yes,1.583832,0.504816,Sometimes,Public_Transportation,Obesity_Type_II,38.92756840228947,Obesity_Type_II,clustering_override_stage2,0.9989293,0.00011427588,0.00010250827,0.9989293,0.00018337113,0.00067053136
26.0,Female,1.643892,111.884535,Sometimes,yes,3.0,3.0,no,no,2.768141,yes,0.0,0.094213,Sometimes,Public_Transportation,Obesity_Type_III,41.40220746923333,Obesity_Type_III,clustering_override,0.9994754,8.5323656e-05,0.0001129552,0.9994754,0.00017354707,0.0001528355
21.051982,Female,1.729719,131.877558,Sometimes,yes,3.0,3.0,no,no,1.422483,yes,1.708971,0.673009,Sometimes,Public_Transportation,Obesity_Type_III,44.07778729294239,Obesity_Type_III,clustering_override,0.9989592,0.00012412983,0.000116537696,0.9989592,0.00028366817,0.0005164491
24.196367,Female,1.697421,114.482386,Sometimes,yes,3.0,3.0,no,no,2.909675,yes,0.360908,0.573887,Sometimes,Public_Transportation,Obesity_Type_III,39.73374777231282,Obesity_Type_III,clustering_override,0.9991824,9.57483e-05,6.434456e-05,0.9991824,0.0001787707,0.00047870408
26.0,Female,1.622771,109.959714,Sometimes,yes,3.0,3.0,no,no,2.679137,yes,0.0,0.479348,Sometimes,Public_Transportation,Obesity_Type_III,41.75602276186781,Obesity_Type_III,clustering_override,0.9994487,8.532138e-05,0.00011572421,0.9994487,0.00015576762,0.00019446548
26.899886,Male,1.812919,119.841446,Sometimes,yes,2.347942,3.0,no,no,2.730663,yes,0.689371,0.188693,Sometimes,Public_Transportation,Obesity_Type_II,36.4628188186233,Obesity_Type_II,clustering_override_stage2,0.99913305,0.00010799402,7.378647e-05,0.99913305,0.00018816933,0.0004970644
39.135634,Female,1.507867,79.58958,Sometimes,yes,2.0,3.0,no,no,1.0,yes,0.0,0.0,Sometimes,Automobile,Obesity_Type_I,35.005004638522536,Obesity_Type_I,classifier,0.99830174,7.922222e-05,0.00022516909,0.99830174,0.0010130556,0.00038075692
21.28253,Female,1.761773,133.903469,Sometimes,yes,3.0,3.0,no,no,2.893062,yes,1.408177,0.807457,Sometimes,Public_Transportation,Obesity_Type_III,43.141170926643774,Obesity_Type_III,clustering_override,0.9990408,0.00011625272,0.00011069821,0.9990408,0.00022254407,0.0005096908
19.314964,Female,1.661403,49.932199,Sometimes,yes,2.205439,3.0,no,no,1.530531,no,2.0,1.0,Sometimes,Public_Transportation,Insufficient_Weight,18.089672818885816,Insufficient_Weight,classifier,0.9990062,0.9990062,0.00063927093,8.496181e-05,0.0001950594,7.456992e-05
21.0,Male,1.7,65.0,no,yes,2.0,3.0,no,no,1.0,yes,1.0,1.0,Frequently,Public_Transportation,Normal_Weight,22.49134948096886,Normal_Weight,classifier,0.9992028,0.00013351467,0.9992028,0.00012593938,0.00022724825,0.00031055673
26.0,Female,1.641601,111.830924,Sometimes,yes,3.0,3.0,no,no,2.552388,yes,0.0,0.196288,Sometimes,Public_Transportation,Obesity_Type_III,41.497955179329885,Obesity_Type_III,clustering_override,0.9994949,8.532532e-05,0.0001129574,0.9994949,0.00017355046,0.00013322677
22.766227,Male,1.874061,89.754302,Sometimes,yes,2.0,2.870005,no,no,1.15031,yes,0.417724,1.0,Sometimes,Automobile,Overweight_Level_I,25.555702751378064,Overweight_Level_I,classifier,0.99696296,0.00026833697,0.0003181373,0.00058194576,0.99696296,0.0018685507
26.734476,Male,1.816197,119.622764,Sometimes,yes,2.247037,3.0,no,no,2.718408,yes,0.763595,0.0,Sometimes,Public_Transportation,Obesity_Type_II,36.26502031183218,Obesity_Type_II,clustering_override_stage2,0.9990189,0.00010514123,0.00010288416,0.9990189,0.00016930728,0.00060379057
24.0,Female,1.5,63.0,no,no,2.0,1.0,no,no,2.0,yes,0.0,0.0,Sometimes,Public_Transportation,Overweight_Level_II,28.0,Overweight_Level_II,classifier,0.9901804,0.00070439617,0.005436244,0.0010330005,0.0026460504,0.9901804
22.549208,Male,1.629194,70.0,Sometimes,yes,2.0,1.0,no,no,2.803311,no,0.245354,0.0,no,Public_Transportation,Overweight_Level_I,26.372568924171855,Overweight_Level_I,classifier,0.99827313,0.00019875972,0.0005654658,0.00027797776,0.99827313,0.0006846856
26.0,Female,1.626483,111.357062,Sometimes,yes,3.0,3.0,no,no,2.61939,yes,0.0,0.171034,Sometimes,Public_Transportation,Obesity_Type_III,42.093855645046574,Obesity_Type_III,clustering_override,0.9994997,8.532573e-05,0.00011632908,0.9994997,0.00016537606,0.0001332274
18.656912,Female,1.574017,41.220175,Sometimes,yes,1.649974,1.513835,no,no,1.549974,no,0.227802,1.972926,Sometimes,Public_Transportation,Insufficient_Weight,16.637612076461625,Insufficient_Weight,classifier,0.9975484,0.9975484,0.00058521575,0.00027632935,0.0013131102,0.00027699053
19.920629,Male,1.768493,57.790381,no,yes,2.0,3.897078,no,no,2.622638,yes,2.0,1.894105,Sometimes,Automobile,Insufficient_Weight,18.47774066119892,Insufficient_Weight,classifier_low_confidence,0.86239594,0.86239594,0.12678137,0.0022871569,0.0051403865,0.0033951278
40.794057,Male,1.735851,109.889334,no,yes,2.305349,3.169089,no,no,1.02161,yes,0.908981,0.0,Sometimes,Automobile,Obesity_Type_II,36.46957089252192,Obesity_Type_II,clustering_override_stage2,0.9983323,0.00013021166,0.00010724922,0.9983323,0.00035352525,0.0010767503
21.0,Female,1.52,56.0,Sometimes,no,3.0,3.0,yes,yes,3.0,yes,3.0,0.0,Sometimes,Public_Transportation,Normal_Weight,24.238227146814403,Normal_Weight,classifier,0.9917052,0.0007130852,0.9917052,0.00042901884,0.005983899,0.001168839
30.315784,Male,1.701566,103.743534,no,yes,2.57649,2.187145,no,no,1.38107,yes,1.928275,0.413663,Sometimes,Public_Transportation,Obesity_Type_II,35.83137216980573,Obesity_Type_I,classifier,0.99907327,0.00010748237,9.900871e-05,0.99907327,0.00015631704,0.0005638966
41.0,Male,1.75,110.0,Frequently,no,2.0,1.0,no,no,1.0,yes,1.0,0.0,Sometimes,Automobile,Obesity_Type_II,35.91836734693877,Obesity_Type_II,clustering_override_stage2,0.9972415,9.8269666e-05,0.0002233209,0.9972415,0.00042664993,0.0020102963
24.565628,Female,1.62093,81.718232,no,yes,2.260543,1.374791,no,no,1.947935,yes,0.0,0.078607,Sometimes,Public_Transportation,Obesity_Type_I,31.102152147118925,Obesity_Type_I,classifier,0.99935144,9.856046e-05,0.00012596267,0.99935144,0.00016488983,0.00025918186
21.376426,Female,1.722527,50.833029,Sometimes,no,3.0,3.285167,no,no,1.569082,no,0.545931,0.469735,Frequently,Public_Transportation,Insufficient_Weight,17.132230656095224,Insufficient_Weight,classifier,0.99946433,0.99946433,0.00012530149,7.678198e-05,0.00016689993,0.00016665133
30.967417,Male,1.688436,90.0,Sometimes,yes,2.180047,2.733077,no,no,2.77962,yes,1.454129,0.0,Sometimes,Automobile,Obesity_Type_I,31.569907008786604,Obesity_Type_I,classifier,0.9983865,0.00010553814,0.00012033332,0.9983865,0.0002683567,0.0011193405
40.973007,Male,1.749405,109.908779,no,yes,2.176317,2.986637,no,no,1.015672,yes,0.94141,0.0,Sometimes,Automobile,Obesity_Type_II,35.9129975847743,Obesity_Type_II,clustering_override_stage2,0.99836904,0.00011154511,9.839373e-05,0.99836904,0.00027784912,0.0011431667
24.0,Female,1.7,80.0,no,yes,2.0,3.0,no,no,3.0,yes,0.0,0.0,Sometimes,Public_Transportation,Overweight_Level_II,27.68166089965398,Overweight_Level_II,classifier,0.9967018,0.00022279703,0.00072121003,0.0005509086,0.0018032856,0.9967018
27.394123,Male,1.764138,112.323213,Sometimes,yes,1.924632,3.0,no,no,2.006595,yes,0.1768,0.511694,Sometimes,Automobile,Obesity_Type_II,36.091456453914304,Obesity_Type_II,clustering_override_stage2,0.9988154,7.009451e-05,6.859437e-05,0.9988154,0.00027834633,0.0007675229
30.475248,Male,1.801368,121.094257,Sometimes,yes,2.328469,3.0,no,no,2.001208,yes,0.800487,0.176678,Sometimes,Automobile,Obesity_Type_II,37.31802572501866,Obesity_Type_II,clustering_override_stage2,0.998816,0.00011974571,7.739811e-05,0.998816,0.0003246064,0.00066221785
24.739421,Male,1.757069,117.298233,Sometimes,yes,1.392665,3.0,no,no,2.0,yes,1.097983,0.630866,Sometimes,Public_Transportation,Obesity_Type_II,37.99389662780581,Obesity_Type_II,clustering_override_stage2,0.99866486,7.969722e-05,0.00014261446,0.99866486,0.00020578338,0.0009070532
21.760734,Female,1.73581,135.346677,Sometimes,yes,3.0,3.0,no,no,2.611654,yes,1.618512,0.868788,Sometimes,Public_Transportation,Obesity_Type_III,44.92035973146683,Obesity_Type_III,clustering_override,0.99906427,0.00011625545,0.00010862925,0.99906427,0.00023376053,0.00047709615
26.0,Female,1.622397,110.79263,Sometimes,yes,3.0,3.0,no,no,2.704507,yes,0.0,0.29499,Sometimes,Public_Transportation,Obesity_Type_III,42.091713201900674,Obesity_Type_III,clustering_override,0.9995003,8.532578e-05,0.00011632915,0.9995003,0.00016537616,0.0001326423
22.87795,Female,1.66913,86.002736,no,yes,2.290095,2.590283,no,no,2.506296,yes,0.312254,1.0,Sometimes,Public_Transportation,Obesity_Type_I,30.869666790673577,Obesity_Type_I,classifier,0.99924785,9.082104e-05,7.198259e-05,0.99924785,0.00012589077,0.0004633956
25.124595,Male,1.77151,113.207124,Sometimes,yes,1.457758,3.0,no,no,2.020249,yes,1.556709,0.00133,Sometimes,Public_Transportation,Obesity_Type_II,36.073355432670205,Obesity_Type_II,clustering_override_stage2,0.99895906,7.78416e-05,0.00017460993,0.99895906,0.00021626854,0.00057221117
29.906575,Male,1.913252,129.232216,Sometimes,yes,2.02472,3.0,no,no,1.800335,yes,1.196368,0.0,Sometimes,Public_Transportation,Obesity_Type_II,35.304205259671896,Obesity_Type_II,clustering_override_stage2,0.99874073,0.00010082974,0.00014976095,0.99874073,0.00023986319,0.00076888385
22.908879,Male,1.876898,121.277832,Sometimes,yes,2.630137,2.806298,no,no,1.970508,yes,1.304291,0.0,Sometimes,Public_Transportation,Obesity_Type_II,34.42707151595096,Obesity_Type_II,clustering_override_stage2,0.99883634,0.000141452,0.00016961101,0.99883634,0.0002311497,0.0006214405
18.426619,Male,1.777108,57.145917,no,yes,2.0,3.092116,no,no,2.426465,yes,2.0,1.839862,Sometimes,Automobile,Insufficient_Weight,18.09495728268534,Insufficient_Weight,classifier,0.99688137,0.99688137,0.0018985049,0.00025838398,0.0005882354,0.0003734939
21.618246,Male,1.679306,75.0,Sometimes,yes,2.0,3.0,no,no,1.957871,yes,0.994592,0.117303,Sometimes,Public_Transportation,Overweight_Level_I,26.595097329436076,Overweight_Level_I,classifier,0.99730444,0.00018534342,0.0002612747,0.0002705631,0.99730444,0.0019783978
28.493397,Male,1.817572,120.8158,Sometimes,yes,2.969233,3.0,no,no,2.807984,yes,0.982134,1.191998,Sometimes,Public_Transportation,Obesity_Type_II,36.57130741899473,Obesity_Type_II,clustering_override_stage2,0.9989348,0.00011060247,8.0237114e-05,0.9989348,0.00014394512,0.00073034887
25.561868,Female,1.675185,110.621723,Sometimes,yes,3.0,3.0,no,no,1.49583,yes,0.109327,0.384129,Sometimes,Public_Transportation,Obesity_Type_III,39.4198409282925,Obesity_Type_III,clustering_override,0.9993487,9.274815e-05,6.3925254e-05,0.9993487,0.00020125654,0.00029332517
31.205668,Male,1.877732,127.161381,Sometimes,yes,2.731368,3.0,no,yes,1.486824,yes,1.485978,1.150439,Sometimes,Public_Transportation,Obesity_Type_II,36.06517308235856,Obesity_Type_II,clustering_override_stage2,0.9986571,0.00014234078,0.00013211496,0.9986571,0.00025103768,0.0008173492
22.847618,Female,1.669136,85.568385,no,yes,2.074843,1.773916,no,no,2.428271,yes,0.035091,1.0,Sometimes,Public_Transportation,Obesity_Type_I,30.713540815378117,Obesity_Type_I,classifier,0.999164,9.1792455e-05,7.237908e-05,0.999164,0.00013044584,0.00054137025
26.0,Female,1.632193,111.886611,Sometimes,yes,3.0,3.0,no,no,2.617988,yes,0.0,0.156187,Sometimes,Public_Transportation,Obesity_Type_III,41.99862744956643,Obesity_Type_III,clustering_override,0.99949193,8.532507e-05,0.00011632818,0.99949193,0.00016213872,0.00014424561
40.951591,Female,1.542122,80.0,Sometimes,yes,2.0,1.105617,no,no,1.372811,yes,1.629432,0.0,Sometimes,Automobile,Obesity_Type_I,33.63973153668532,Obesity_Type_I,classifier,0.9983504,8.12209e-05,0.00013439909,0.9983504,0.0009953314,0.0004386326
25.289428,Female,1.686033,104.772164,Sometimes,yes,3.0,3.0,no,no,1.299194,yes,0.234303,0.946888,Sometimes,Public_Transportation,Obesity_Type_III,36.85647299826425,Obesity_Type_III,clustering_override,0.99909174,9.8645134e-05,6.692338e-05,0.99909174,0.00020344066,0.00053924276
37.441044,Female,1.524293,76.202761,Sometimes,yes,2.0,2.994046,no,no,1.603549,yes,1.335857,0.0,Sometimes,Automobile,Obesity_Type_I,32.796975593565485,Obesity_Type_I,classifier,0.9974946,0.00010010299,0.00017621546,0.9974946,0.0015268564,0.00070222304
20.976842,Female,1.71073,131.408528,Sometimes,yes,3.0,3.0,no,no,1.728139,yes,1.676269,0.906247,Sometimes,Public_Transportation,Obesity_Type_III,44.90147500068986,Obesity_Type_III,clustering_override,0.9989434,0.00012519893,0.00012131976,0.9989434,0.00025782935,0.000552334
20.31094,Male,1.849425,85.228116,Sometimes,yes,2.146598,3.0,no,no,2.100112,yes,1.17116,0.833761,Sometimes,Public_Transportation,Overweight_Level_I,24.91778534693435,Overweight_Level_I,classifier_low_confidence,0.5327269,0.003517223,0.44850308,0.005095318,0.5327269,0.01015749
24.079971,Male,1.61981,98.54302,no,yes,2.95841,2.434347,no,no,1.0,yes,1.930033,0.754023,Sometimes,Public_Transportation,Obesity_Type_II,37.55758996210626,Obesity_Type_I,classifier,0.9993155,8.989624e-05,0.00011202714,0.9993155,0.000112213624,0.00037040864
29.934465,Female,1.638744,69.242354,Sometimes,yes,2.029634,3.0,no,no,1.827515,yes,0.480206,0.0,Sometimes,Automobile,Overweight_Level_I,25.78395857500722,Overweight_Level_I,classifier,0.9995802,7.6066666e-05,0.000118259464,0.0001198115,0.9995802,0.000105686304
25.992348,Female,1.606474,104.954291,Sometimes,yes,3.0,3.0,no,no,2.331123,yes,0.063383,0.561661,Sometimes,Public_Transportation,Obesity_Type_III,40.667998323319594,Obesity_Type_III,clustering_override,0.9994759,8.8216715e-05,6.062144e-05,0.9994759,0.00016302033,0.00021226083
21.009596,Female,1.714193,131.866734,Sometimes,yes,3.0,3.0,no,no,1.709556,yes,1.592494,0.925843,Sometimes,Public_Transportation,Obesity_Type_III,44.87617318313619,Obesity_Type_III,clustering_override,0.9989237,0.00012768326,0.00012563985,0.9989237,0.0002629455,0.00055995566
26.0,Female,1.640745,110.919646,Sometimes,yes,3.0,3.0,no,no,2.666178,yes,0.0,0.276907,Sometimes,Public_Transportation,Obesity_Type_III,41.202758800577676,Obesity_Type_III,clustering_override,0.99949884,8.532566e-05,0.000116328985,0.99949884,0.0001668398,0.0001326421
18.0,Male,1.87,173.0,Sometimes,yes,3.0,3.0,no,no,2.0,yes,2.0,1.0,Frequently,Public_Transportation,Obesity_Type_III,49.47238983099316,Obesity_Type_III,clustering_override,0.99794346,0.000284901,0.00049481326,0.99794346,0.0003468647,0.00092989503
23.421726,Female,1.755467,133.478611,Sometimes,yes,3.0,3.0,no,no,2.843782,yes,1.302507,0.773807,Sometimes,Public_Transportation,Obesity_Type_III,43.31380520082288,Obesity_Type_III,clustering_override,0.9990835,0.000106854095,9.915505e-05,0.9990835,0.00020084232,0.00050960685
25.341399,Male,1.786997,115.025361,Sometimes,yes,1.99953,3.0,no,no,2.111908,yes,1.453042,0.849503,Sometimes,Public_Transportation,Obesity_Type_II,36.02018658292116,Obesity_Type_II,clustering_override_stage2,0.9989874,6.9241396e-05,0.0001061224,0.9989874,0.00014526518,0.00069193606
31.457413,Male,1.87407,128.867444,Sometimes,yes,2.956297,3.0,no,yes,1.2751,yes,0.901924,1.875023,Sometimes,Automobile,Obesity_Type_II,36.69201797055886,Obesity_Type_II,clustering_override_stage2,0.9982218,0.00015156488,9.65469e-05,0.9982218,0.0004135514,0.0011165361
24.511445,Male,1.852664,121.310257,Sometimes,yes,2.906269,2.894142,no,no,2.435489,yes,1.266739,0.36216,Sometimes,Public_Transportation,Obesity_Type_II,35.34306403516971,Obesity_Type_II,clustering_override_stage2,0.9990921,0.00012329424,0.00011113876,0.9990921,0.00019578442,0.00047771636
18.0,Male,1.7,90.0,Sometimes,yes,3.0,3.0,no,no,2.0,no,2.0,0.0,Sometimes,Public_Transportation,Obesity_Type_I,31.14186851211073,Obesity_Type_I,classifier,0.9970853,0.000276007,0.00058301986,0.9970853,0.0006048115,0.0014508929
19.993565,Female,1.792833,152.43563,Sometimes,yes,3.0,3.0,no,no,2.365188,yes,1.256115,0.760091,Sometimes,Public_Transportation,Obesity_Type_III,47.42494271843313,Obesity_Type_III,clustering_override,0.99895656,0.00012870392,0.0001238195,0.99895656,0.0002627942,0.00052815175
25.748627,Female,1.66877,104.774144,Sometimes,yes,3.0,3.0,no,no,1.526416,yes,0.180158,0.747909,Sometimes,Public_Transportation,Obesity_Type_III,37.62366977637251,Obesity_Type_III,clustering_override,0.9994129,8.791503e-05,6.058462e-05,0.9994129,0.00018901927,0.00024965705
30.638944,Male,1.680489,102.004554,no,yes,2.938687,2.138375,no,no,1.251715,yes,1.181811,0.778375,Sometimes,Public_Transportation,Obesity_Type_II,36.12003921970683,Obesity_Type_I,classifier,0.9986644,9.6374206e-05,8.5101536e-05,0.9986644,0.00012691936,0.0010272174
19.0,Male,1.76,79.0,Frequently,yes,2.0,3.0,no,no,3.0,yes,1.0,2.0,Frequently,Public_Transportation,Overweight_Level_I,25.50361570247934,Overweight_Level_I,classifier,0.99580526,0.00042309673,0.0009060431,0.00050684717,0.99580526,0.0023587157
26.0,Female,1.624099,109.978402,Sometimes,yes,3.0,3.0,no,no,2.523793,yes,0.0,0.383953,Sometimes,Public_Transportation,Obesity_Type_III,41.694849171755536,Obesity_Type_III,clustering_override,0.99950254,8.532597e-05,0.000116329415,0.99950254,0.00015593712,0.00013981525
33.174147,Male,1.75015,118.299585,Sometimes,yes,2.218599,3.0,no,no,2.104337,yes,0.766007,0.262118,Sometimes,Automobile,Obesity_Type_II,38.6218147520863,Obesity_Type_II,clustering_override_stage2,0.99878746,0.00010613355,6.800753e-05,0.99878746,0.00035167305,0.00068675086
21.330178,Female,1.747987,147.296186,Sometimes,yes,3.0,3.0,no,no,2.336349,yes,1.4164,0.711724,Sometimes,Public_Transportation,Obesity_Type_III,48.20755493326455,Obesity_Type_III,clustering_override,0.99897814,0.00011624542,0.00011069126,0.99897814,0.00023473936,0.0005602049
23.647935,Female,1.681394,114.479459,Sometimes,yes,3.0,3.0,no,no,2.435978,yes,0.232742,0.692608,Sometimes,Public_Transportation,Obesity_Type_III,40.49380449607795,Obesity_Type_III,clustering_override,0.9992046,9.017578e-05,6.112291e-05,0.9992046,0.00016982004,0.00047434718
20.0,Male,1.84,104.0,no,no,2.0,3.0,no,no,3.0,yes,3.0,0.0,Sometimes,Motorbike,Obesity_Type_I,30.718336483931946,Obesity_Type_I,classifier,0.99765825,0.00012257381,0.0003786573,0.99765825,0.0003521479,0.0014883808
25.991194,Female,1.618348,104.94582,Sometimes,yes,3.0,3.0,no,no,2.45126,yes,0.043689,0.670402,Sometimes,Public_Transportation,Obesity_Type_III,40.07018194320742,Obesity_Type_III,clustering_override,0.99948776,8.489857e-05,5.8848032e-05,0.99948776,0.00015767606,0.00021076662
21.67447,Female,1.71978,132.262558,Sometimes,yes,3.0,3.0,no,no,1.777805,yes,1.584716,0.927341,Sometimes,Public_Transportation,Obesity_Type_III,44.71890180519583,Obesity_Type_III,clustering_override,0.9989471,0.00012487062,0.0001172332,0.9989471,0.00024394077,0.0005668575
22.0,Male,1.7,66.4,no,no,2.0,3.0,no,no,2.0,yes,0.0,0.0,Frequently,Public_Transportation,Normal_Weight,22.975778546712807,Normal_Weight,classifier,0.99912244,0.000110394234,0.99912244,0.000117490745,0.00030825156,0.0003414099
21.682367,Female,1.732383,133.043941,Sometimes,yes,3.0,3.0,no,no,1.610768,yes,1.510398,0.931455,Sometimes,Public_Transportation,Obesity_Type_III,44.33097410442003,Obesity_Type_III,clustering_override,0.99893373,0.00012486897,0.00011723163,0.99893373,0.00027524107,0.0005489042
24.693108,Female,1.667383,112.982549,Sometimes,yes,3.0,3.0,no,no,2.887909,yes,0.312923,0.210997,Sometimes,Public_Transportation,Obesity_Type_III,40.63877704013467,Obesity_Type_III,clustering_override,0.9995066,8.7047905e-05,5.994291e-05,0.9995066,0.00018586485,0.0001605236
24.265943,Female,1.719365,114.511537,Sometimes,yes,3.0,3.0,no,no,2.987406,yes,0.38926,0.526776,Sometimes,Public_Transportation,Obesity_Type_III,38.73584909731795,Obesity_Type_III,clustering_override,0.99908996,0.00010428258,7.036383e-05,0.99908996,0.00020623334,0.00052916683
25.0,Male,1.71,71.0,Sometimes,yes,2.0,3.0,no,no,2.0,yes,0.0,0.0,Frequently,Motorbike,Normal_Weight,24.280975342840534,Normal_Weight,classifier,0.9979436,0.00016857096,0.9979436,0.00019623827,0.0013515695,0.00033998405
30.108216,Male,1.841908,124.070717,Sometimes,yes,2.467548,3.0,no,no,2.66029,yes,0.994422,0.310394,Sometimes,Public_Transportation,Obesity_Type_II,36.570712665671614,Obesity_Type_II,clustering_override_stage2,0.9989502,0.00012653529,8.07533e-05,0.9989502,0.00022279526,0.00061975396
19.816228,Female,1.507853,64.259379,Sometimes,yes,2.568063,3.0,yes,no,1.817983,no,0.0,0.0,Sometimes,Public_Transportation,Overweight_Level_I,28.263016719957434,Overweight_Level_II,classifier_low_confidence,0.84251505,0.010827969,0.029067606,0.00747529,0.110114075,0.84251505
25.909353,Female,1.644078,102.277765,Sometimes,yes,3.0,3.0,no,no,1.029241,yes,0.075776,1.0,Sometimes,Public_Transportation,Obesity_Type_III,37.838716212487846,Obesity_Type_III,clustering_override,0.9993943,9.280052e-05,8.347496e-05,0.9993943,0.00018704611,0.00024241743
20.323767,Female,1.774207,138.143162,Sometimes,yes,3.0,3.0,no,no,2.816052,yes,1.571865,0.688058,Sometimes,Public_Transportation,Obesity_Type_III,43.88547624713168,Obesity_Type_III,clustering_override,0.9990564,0.00012083291,0.00012132308,0.9990564,0.0002521277,0.0004492948
22.0,Male,1.72,68.0,no,yes,2.0,3.0,no,no,2.0,yes,1.0,1.0,Sometimes,Public_Transportation,Normal_Weight,22.985397512168742,Normal_Weight,classifier,0.9986994,0.00011439492,0.9986994,0.00015594413,0.0006358832,0.0003942979
22.889099,Male,1.792533,116.157766,Sometimes,yes,1.996646,3.0,no,no,2.0,yes,1.600536,0.739684,Sometimes,Public_Transportation,Obesity_Type_II,36.15046863230004,Obesity_Type_II,clustering_override_stage2,0.9989793,7.483871e-05,0.00013417541,0.9989793,0.00016339279,0.0006482408
28.986237,Male,1.758618,113.501549,Sometimes,yes,2.320201,3.0,no,no,2.164784,yes,0.0,1.465479,Sometimes,Automobile,Obesity_Type_II,36.69938281009856,Obesity_Type_II,clustering_override_stage2,0.9987941,0.00010294413,0.00012661896,0.9987941,0.000238355,0.0007379188
25.191627,Male,1.813678,85.637789,no,yes,1.450218,3.985442,no,no,2.147746,no,0.046836,1.0,Sometimes,Automobile,Overweight_Level_I,26.0342503085834,Overweight_Level_I,classifier,0.9984517,0.00023211043,0.0003411106,0.00041442845,0.9984517,0.0005606658
22.980221,Female,1.724983,132.94066,Sometimes,yes,3.0,3.0,no,no,2.085553,yes,1.271651,0.587932,Sometimes,Public_Transportation,Obesity_Type_III,44.6774308988567,Obesity_Type_III,clustering_override,0.99906236,0.00010925397,9.658074e-05,0.99906236,0.0002026951,0.00052917824
26.0,Female,1.629727,111.275646,Sometimes,yes,3.0,3.0,no,no,2.495851,yes,0.0,0.218645,Sometimes,Public_Transportation,Obesity_Type_III,41.89579182293466,Obesity_Type_III,clustering_override,0.99949837,8.532562e-05,0.00011632893,0.99949837,0.00016213977,0.000137832
19.88036,Female,1.670635,49.742931,Sometimes,no,2.88626,3.559841,no,no,1.632004,no,2.0,1.0,Frequently,Public_Transportation,Insufficient_Weight,17.82248345525793,Insufficient_Weight,classifier,0.9992017,0.9992017,0.00042722526,7.315866e-05,0.00014634768,0.00015151614
25.777565,Female,1.628205,107.378702,Sometimes,yes,3.0,3.0,no,no,2.506631,yes,0.025787,0.484165,Sometimes,Public_Transportation,Obesity_Type_III,40.504192811001666,Obesity_Type_III,clustering_override,0.99950254,8.532597e-05,5.8848902e-05,0.99950254,0.00015272791,0.00020058807
25.2984,Male,1.827279,120.996074,Sometimes,yes,3.0,3.0,no,no,3.0,yes,1.110215,0.396352,Sometimes,Public_Transportation,Obesity_Type_II,36.23777737551195,Obesity_Type_II,clustering_override_stage2,0.99913424,0.00011527699,0.00014170635,0.99913424,0.00017725561,0.00043150346
25.879411,Male,1.765464,114.144378,Sometimes,yes,1.626369,3.0,no,no,2.109697,yes,1.352973,0.076693,Sometimes,Public_Transportation,Obesity_Type_II,36.621556046977354,Obesity_Type_II,clustering_override_stage2,0.9990043,7.059142e-05,0.00010770293,0.9990043,0.00020228185,0.0006151403
29.827481,Male,1.899588,124.269251,Sometimes,yes,2.048962,3.0,no,no,2.822871,yes,1.066169,0.0,Sometimes,Public_Transportation,Obesity_Type_II,34.43854907110489,Obesity_Type_II,clustering_override_stage2,0.9988223,9.992576e-05,0.00014152113,0.9988223,0.00022510029,0.00071111054
19.749627,Male,1.680764,79.621463,no,no,1.83746,3.0,no,no,2.0,yes,1.194519,1.212762,Sometimes,Public_Transportation,Overweight_Level_II,28.184911689652775,Overweight_Level_II,classifier,0.99944633,7.418348e-05,0.00015519073,0.00013534505,0.00018889259,0.99944633
16.240576,Female,1.616533,65.062945,no,yes,2.388168,1.0,yes,no,1.438018,yes,0.110887,1.165817,Sometimes,Public_Transportation,Overweight_Level_I,24.898006027013242,Overweight_Level_I,classifier_low_confidence,0.9628932,0.0020054919,0.031437334,0.0018417368,0.9628932,0.0018222225
21.028989,Female,1.748524,133.878843,Sometimes,yes,3.0,3.0,no,no,2.868167,yes,1.48372,0.83509,Sometimes,Public_Transportation,Obesity_Type_III,43.7893758423243,Obesity_Type_III,clustering_override,0.9990458,0.000117857664,0.00011343323,0.9990458,0.0002380856,0.00048484656
24.521879,Male,1.623278,97.582959,no,yes,2.973569,2.650088,no,no,1.003063,yes,1.981154,0.157007,Sometimes,Public_Transportation,Obesity_Type_II,37.03293880381905,Obesity_Type_I,classifier,0.9993975,9.035479e-05,0.00011203634,0.9993975,0.00012526385,0.00027479196
22.396504,Male,1.869098,61.411141,Sometimes,yes,3.0,3.263201,no,no,2.233274,yes,1.557737,0.000355,Sometimes,Automobile,Insufficient_Weight,17.578548880751683,Insufficient_Weight,classifier,0.99772626,0.99772626,0.0011591848,0.0001942422,0.0007067961,0.00021348392
26.0,Female,1.632983,111.157811,Sometimes,yes,3.0,3.0,no,no,2.638896,yes,0.0,0.224559,Sometimes,Public_Transportation,Obesity_Type_III,41.684697917811526,Obesity_Type_III,clustering_override,0.999506,8.532627e-05,0.000116329815,0.999506,0.000162141,0.00013020981
22.422674,Female,1.70011,50.173425,no,yes,2.674431,3.0,no,no,2.453384,yes,1.321624,1.990617,Frequently,Public_Transportation,Insufficient_Weight,17.35880020715607,Insufficient_Weight,classifier,0.99941385,0.99941385,0.00028371444,7.308228e-05,0.00010432873,0.00012500216
18.052394,Female,1.725233,75.970712,Frequently,yes,2.927409,3.0,no,no,2.209991,yes,1.0,0.797215,Sometimes,Public_Transportation,Overweight_Level_I,25.524114448199008,Overweight_Level_I,classifier,0.99845886,0.00033004538,0.00029620592,0.00034129884,0.99845886,0.00057358295
21.238416,Female,1.763847,133.937873,Sometimes,yes,3.0,3.0,no,no,2.836791,yes,1.46782,0.890527,Sometimes,Public_Transportation,Obesity_Type_III,43.05083470364158,Obesity_Type_III,clustering_override,0.9990396,0.00011625258,0.000111888396,0.9990396,0.00022254381,0.00050969014
38.939448,Female,1.738321,86.934846,Sometimes,yes,2.843709,3.058539,no,no,1.130079,no,2.834373,0.044954,Sometimes,Automobile,Overweight_Level_I,28.769607415728178,Overweight_Level_II,classifier_low_confidence,0.8950434,0.0040281983,0.0035949654,0.006129027,0.09120442,0.8950434
33.293166,Male,1.696412,103.250355,no,yes,2.679664,2.415522,no,no,1.0,yes,1.987296,0.0,Sometimes,Public_Transportation,Obesity_Type_II,35.878054212478794,Obesity_Type_I,classifier,0.99894637,0.00010236093,0.00014896184,0.99894637,0.00015033661,0.00065203465
23.94003,Male,1.721348,83.986714,Sometimes,yes,2.407817,2.844138,no,no,1.983649,yes,0.868721,0.089354,Sometimes,Public_Transportation,Overweight_Level_II,28.344789178533883,Overweight_Level_II,classifier,0.99886703,0.00021620325,0.00014170817,0.00033350574,0.00044156468,0.99886703
25.919241,Female,1.611462,102.093223,Sometimes,yes,3.0,3.0,no,no,1.023328,yes,0.05093,1.0,Sometimes,Public_Transportation,Obesity_Type_III,39.3148639098582,Obesity_Type_III,clustering_override,0.9994011,9.280115e-05,8.437466e-05,0.9994011,0.00017619669,0.00024557297
18.469086,Female,1.741925,133.017105,Sometimes,yes,3.0,3.0,no,no,2.474518,yes,1.560261,0.662489,Sometimes,Public_Transportation,Obesity_Type_III,43.83778347276047,Obesity_Type_III,clustering_override,0.9987105,0.00015231797,0.0001478857,0.9987105,0.0003399424,0.0006493566
22.828435,Male,1.710415,75.142858,Sometimes,yes,2.786008,3.0,no,no,2.526193,yes,0.925118,2.0,Sometimes,Public_Transportation,Overweight_Level_I,25.685304341129612,Overweight_Level_I,classifier,0.998447,0.00032177434,0.00024110221,0.00035280493,0.998447,0.00063732406
26.225442,Male,1.773664,116.160329,Sometimes,yes,2.442536,3.0,no,no,2.174371,yes,0.0,1.928972,Sometimes,Public_Transportation,Obesity_Type_II,36.92454316742395,Obesity_Type_II,clustering_override_stage2,0.9989711,0.00010266008,0.00013389283,0.9989711,0.00014314648,0.00064921606
25.950898,Female,1.649867,104.791035,Sometimes,yes,3.0,3.0,no,no,2.535629,yes,0.152713,0.7702,Sometimes,Public_Transportation,Obesity_Type_III,38.49694421592063,Obesity_Type_III,clustering_override,0.99948406,8.489826e-05,5.8220707e-05,0.99948406,0.00016681619,0.00020602449
20.0,Male,1.8,65.0,Sometimes,yes,2.0,3.0,no,no,1.0,no,2.0,0.0,Frequently,Motorbike,Normal_Weight,20.061728395061728,Normal_Weight,classifier,0.99934906,0.00012522421,0.99934906,0.00011232083,0.00028975864,0.00012363897
26.0,Female,1.61739,105.013901,Sometimes,yes,3.0,3.0,no,no,1.292479,yes,0.0,0.541309,Sometimes,Public_Transportation,Obesity_Type_III,40.14368946531301,Obesity_Type_III,clustering_override,0.99940145,8.8863504e-05,0.000119784934,0.99940145,0.00017686107,0.00021307795
26.0,Female,1.622418,110.676343,Sometimes,yes,3.0,3.0,no,no,2.691584,yes,0.0,0.425473,Sometimes,Public_Transportation,Obesity_Type_III,42.04644560900542,Obesity_Type_III,clustering_override,0.9994711,8.532329e-05,0.0001157268,0.9994711,0.0001557711,0.00017208907
30.575349,Male,1.825449,124.95278,Sometimes,yes,2.01695,3.0,no,no,1.83412,yes,0.797209,0.185499,Sometimes,Public_Transportation,Obesity_Type_II,37.49786273388686,Obesity_Type_II,clustering_override_stage2,0.99888235,8.457321e-05,8.109811e-05,0.99888235,0.00022351924,0.0007284953
20.0,Female,1.64,49.0,Sometimes,no,3.0,3.0,no,yes,2.0,no,2.0,1.0,Sometimes,Automobile,Insufficient_Weight,18.218322427126715,Insufficient_Weight,classifier,0.99737775,0.99737775,0.0017783266,0.00014370485,0.0004037138,0.00029653832
26.0,Female,1.626503,110.818757,Sometimes,yes,3.0,3.0,no,no,2.708927,yes,0.0,0.278962,Sometimes,Public_Transportation,Obesity_Type_III,41.889341882637055,Obesity_Type_III,clustering_override,0.9995003,8.532578e-05,0.00011632915,0.9995003,0.00016537616,0.0001326423
22.0,Male,1.75,74.0,Sometimes,no,2.0,3.0,no,no,2.0,yes,1.0,2.0,Sometimes,Bike,Normal_Weight,24.163265306122447,Normal_Weight,classifier,0.99493957,0.00026797093,0.99493957,0.00036111276,0.0030939986,0.0013373998
23.360307,Male,1.610647,100.642257,no,yes,2.997524,1.154318,no,no,1.238057,yes,1.1293,1.665621,Sometimes,Public_Transportation,Obesity_Type_II,38.79534619165311,Obesity_Type_I,classifier,0.9993468,9.0887734e-05,9.391485e-05,0.9993468,0.00011245197,0.00035595155
24.149036,Male,1.824901,120.805715,Sometimes,yes,2.225149,3.0,no,no,2.357978,yes,1.943743,0.682128,Sometimes,Public_Transportation,Obesity_Type_II,36.27512033303055,Obesity_Type_II,clustering_override_stage2,0.9990256,0.00010644768,0.00011527018,0.9990256,0.00016517092,0.000587573
21.0,Female,1.52,42.0,Sometimes,yes,3.0,1.0,no,no,1.0,no,0.0,0.0,Frequently,Public_Transportation,Insufficient_Weight,18.178670360110804,Insufficient_Weight,classifier,0.9982754,0.9982754,0.0012577955,0.000111494875,0.00026100656,9.427894e-05
21.0,Female,1.6,68.0,Sometimes,yes,2.0,3.0,no,no,3.0,yes,1.0,0.0,Sometimes,Public_Transportation,Overweight_Level_I,26.562499999999996,Overweight_Level_I,classifier,0.9982438,0.00015398899,0.0006800543,0.00023031831,0.9982438,0.00069188105
21.996523,Female,1.733263,50.890363,Sometimes,no,3.0,3.765526,no,no,1.656082,no,0.42777,0.555967,Frequently,Public_Transportation,Insufficient_Weight,16.93973516274657,Insufficient_Weight,classifier,0.999453,0.999453,0.00012530008,7.6781114e-05,0.0001723374,0.00017257982
19.0,Female,1.556211,42.339767,no,yes,3.0,2.0846,yes,no,2.13755,no,0.196152,0.062488,Sometimes,Public_Transportation,Insufficient_Weight,17.482820643764907,Insufficient_Weight,classifier,0.9991197,0.9991197,0.0002123773,0.00010660055,0.00046126093,0.000100112346
26.957645,Male,1.780731,112.957922,Sometimes,yes,2.263245,3.0,no,no,2.092509,yes,0.0,1.836853,Sometimes,Automobile,Obesity_Type_II,35.62214408598405,Obesity_Type_II,clustering_override_stage2,0.9989042,9.8732766e-05,0.00012730398,0.9989042,0.0002229763,0.0006467114
21.391371,Female,1.730636,131.902591,Sometimes,yes,3.0,3.0,no,no,1.419136,yes,1.700889,0.930888,Sometimes,Public_Transportation,Obesity_Type_III,44.03944727192056,Obesity_Type_III,clustering_override,0.99893993,0.00012486974,0.00011723236,0.99893993,0.0002775926,0.0005403236
17.971574,Male,1.720379,85.0,Sometimes,yes,2.0,3.0,no,no,2.802498,yes,1.0,0.41758,Sometimes,Public_Transportation,Overweight_Level_II,28.71908906003529,Overweight_Level_II,classifier,0.99886096,0.00014406933,0.00020832743,0.00031493275,0.00047170452,0.99886096
24.000307,Male,1.607939,100.618239,no,yes,2.877743,1.311797,no,no,1.000463,yes,0.182249,1.4312,Sometimes,Public_Transportation,Obesity_Type_II,38.91684047319648,Obesity_Type_I,classifier,0.99942255,8.853953e-05,8.259862e-05,0.99942255,0.00011034991,0.00029598016
20.0,Female,1.6,50.0,no,yes,2.0,3.0,no,no,1.0,no,0.0,1.0,Sometimes,Automobile,Normal_Weight,19.531249999999996,Normal_Weight,classifier,0.99869007,0.0003015699,0.99869007,0.00020664564,0.00063109095,0.00017058227
21.620245,Male,1.605314,66.621646,Sometimes,yes,2.357496,3.376717,no,no,2.184843,yes,1.358185,0.014885,Sometimes,Public_Transportation,Overweight_Level_I,25.852072907957872,Overweight_Level_I,classifier,0.9984869,0.00043534485,0.00038247448,0.00033354864,0.9984869,0.00036174335
31.755387,Male,1.775416,121.204668,Sometimes,yes,2.758394,3.0,no,no,2.161303,yes,0.428173,0.716327,Sometimes,Automobile,Obesity_Type_II,38.45201362013382,Obesity_Type_II,clustering_override_stage2,0.9988011,0.000105445324,6.648476e-05,0.9988011,0.0002656174,0.0007612886
24.982997,Male,1.78968,118.436166,Sometimes,yes,1.469384,2.996444,no,no,2.067741,yes,1.082236,0.150544,Sometimes,Public_Transportation,Obesity_Type_II,36.9771615273507,Obesity_Type_II,clustering_override_stage2,0.99894315,7.722591e-05,0.000113531736,0.99894315,0.00021753453,0.000648575
22.518787,Female,1.634342,82.414477,Sometimes,yes,1.853314,1.320768,no,no,2.135552,yes,0.248034,1.727828,Sometimes,Public_Transportation,Obesity_Type_I,30.854436831427332,Obesity_Type_I,classifier,0.9993711,6.390413e-05,6.2621875e-05,0.9993711,0.000256213,0.00024623016
25.492855,Male,1.770124,114.163921,Sometimes,yes,2.159033,3.0,no,no,2.116399,yes,1.331526,0.052942,Sometimes,Public_Transportation,Obesity_Type_II,36.43522832900655,Obesity_Type_II,clustering_override_stage2,0.999108,0.00010064044,9.7179625e-05,0.999108,0.00017172759,0.00052243826
21.0,Female,1.55,50.0,Sometimes,yes,2.0,3.0,no,no,2.0,no,0.0,0.0,Sometimes,Public_Transportation,Normal_Weight,20.811654526534856,Normal_Weight,classifier,0.9988292,0.0003103894,0.9988292,0.00021736561,0.00046647323,0.0001766314
23.411141,Male,1.755142,119.192922,Sometimes,yes,2.007845,2.954446,no,no,1.968796,yes,1.587406,0.838947,Sometimes,Public_Transportation,Obesity_Type_II,38.69242494504585,Obesity_Type_II,clustering_override_stage2,0.9989139,7.511788e-05,0.00010027947,0.9989139,0.00017323782,0.00073754287
20.3756,Female,1.787195,151.975864,Sometimes,yes,3.0,3.0,no,no,2.304716,yes,0.82666,0.914492,Sometimes,Public_Transportation,Obesity_Type_III,47.58069041822948,Obesity_Type_III,clustering_override,0.9989858,0.00011873843,8.6307635e-05,0.9989858,0.0002545784,0.0005545405
20.0,Female,1.62,45.0,Sometimes,yes,3.0,3.0,no,no,1.0,no,1.0,0.0,Frequently,Public_Transportation,Insufficient_Weight,17.146776406035663,Insufficient_Weight,classifier,0.9987105,0.9987105,0.0009705128,8.444865e-05,0.00016763336,6.684186e-05
25.95774,Female,1.62414,102.233445,Sometimes,yes,3.0,3.0,no,no,1.067716,yes,0.030541,1.0,Sometimes,Public_Transportation,Obesity_Type_III,38.75663569509493,Obesity_Type_III,clustering_override,0.9994042,9.2801434e-05,8.437492e-05,0.9994042,0.00017619724,0.00024241982
21.243142,Female,1.598019,44.845655,no,no,3.0,1.72626,no,no,2.444125,no,1.31817,0.0,Frequently,Public_Transportation,Insufficient_Weight,17.56129321605508,Insufficient_Weight,classifier,0.9991234,0.9991234,0.00050206477,8.372257e-05,0.00012988034,0.00016098781
25.498751,Male,1.885543,121.253083,Sometimes,yes,2.408561,3.0,no,no,2.851904,yes,1.320065,0.0,Sometimes,Public_Transportation,Obesity_Type_II,34.10514559577042,Obesity_Type_II,clustering_override_stage2,0.99894196,0.00013557405,0.0001641357,0.99894196,0.00021029965,0.0005481018
21.009437,Female,1.60681,67.773914,Sometimes,yes,2.0,3.156309,no,no,3.0,yes,1.179592,0.086868,no,Public_Transportation,Overweight_Level_I,26.250254325515133,Overweight_Level_I,classifier,0.99895537,0.00015518819,0.0002776517,0.00017620681,0.99895537,0.00043552462
25.999185,Female,1.568543,102.000122,Sometimes,yes,3.0,3.0,no,no,1.000544,yes,0.001297,1.0,Sometimes,Public_Transportation,Obesity_Type_III,41.45795094626575,Obesity_Type_III,clustering_override,0.99919695,9.803632e-05,0.00019574522,0.99919695,0.00018613662,0.00032312627
27.474245,Male,1.84342,120.420406,Sometimes,yes,2.765063,3.0,no,no,2.867206,yes,0.706777,0.677909,Sometimes,Public_Transportation,Obesity_Type_II,35.43655517811505,Obesity_Type_II,clustering_override_stage2,0.99885404,0.00011714405,7.5426506e-05,0.99885404,0.00017490354,0.00077847636
25.540865,Female,1.678201,109.900472,Sometimes,yes,3.0,3.0,no,no,1.471664,yes,0.143955,0.444532,Sometimes,Public_Transportation,Obesity_Type_III,39.02218706823798,Obesity_Type_III,clustering_override,0.99917775,9.298184e-05,6.37564e-05,0.99917775,0.00019881825,0.00046672305
41.0,Male,1.75,118.0,Sometimes,yes,2.0,3.0,no,no,2.0,yes,0.0,0.0,Sometimes,Bike,Obesity_Type_II,38.53061224489796,Obesity_Type_II,clustering_override_stage2,0.9985966,7.5250384e-05,0.00023892274,0.9985966,0.0002580273,0.0008311482
39.08886,Male,1.75,119.029103,Sometimes,yes,2.702457,3.0,no,no,2.005194,yes,0.325313,0.419055,Sometimes,Automobile,Obesity_Type_II,38.86664587755102,Obesity_Type_II,clustering_override_stage2,0.99862933,0.00011218374,6.9633024e-05,0.99862933,0.0003979452,0.00079088716
37.0,Female,1.5,75.0,Sometimes,yes,2.0,3.0,no,no,1.0,yes,0.0,0.0,Frequently,Motorbike,Obesity_Type_I,33.333333333333336,Obesity_Type_I,classifier_low_confidence,0.9686233,0.0016915554,0.0073336437,0.9686233,0.014772368,0.007579131
26.0,Female,1.618573,104.928643,Sometimes,yes,3.0,3.0,no,no,1.698767,yes,0.0,0.54396,Sometimes,Public_Transportation,Obesity_Type_III,40.05248563719549,Obesity_Type_III,clustering_override,0.9994172,8.660905e-05,0.00011674601,0.9994172,0.00016869017,0.00021073606
26.0,Female,1.641098,111.818345,Sometimes,yes,3.0,3.0,no,no,2.55057,yes,0.0,0.20482,Sometimes,Public_Transportation,Obesity_Type_III,41.5187268520311,Obesity_Type_III,clustering_override,0.99949825,8.5325606e-05,0.00011632891,0.99949825,0.00016683972,0.00013322721
26.0,Female,1.629191,104.826776,Sometimes,yes,3.0,3.0,no,no,2.654702,yes,0.0,0.555468,Sometimes,Public_Transportation,Obesity_Type_III,39.493736521200134,Obesity_Type_III,clustering_override,0.9994499,8.532148e-05,0.000115724346,0.9994499,0.00015458478,0.00019446571
26.0,Female,1.643355,111.600553,Sometimes,yes,3.0,3.0,no,no,2.652616,yes,0.0,0.250502,Sometimes,Public_Transportation,Obesity_Type_III,41.324115392363304,Obesity_Type_III,clustering_override,0.9994955,8.532537e-05,0.00011295747,0.9994955,0.00017355056,0.00013264165
23.0,Male,1.75,75.0,Frequently,yes,2.0,3.0,no,no,2.0,no,1.0,0.0,Sometimes,Public_Transportation,Normal_Weight,24.489795918367346,Normal_Weight,classifier,0.99673367,0.00014718268,0.99673367,0.00020305865,0.002585706,0.0003304027
25.027254,Male,1.757154,112.200812,Sometimes,yes,1.264234,3.0,no,no,2.0,yes,1.333435,0.002168,Sometimes,Public_Transportation,Obesity_Type_II,36.33928256965772,Obesity_Type_II,clustering_override_stage2,0.9987627,8.010495e-05,0.00020641681,0.9987627,0.00022002123,0.00073076086
28.377958,Male,1.766946,113.235538,Sometimes,yes,2.314175,3.0,no,no,2.151809,yes,0.0,1.578517,Sometimes,Automobile,Obesity_Type_II,36.269051114383686,Obesity_Type_II,clustering_override_stage2,0.998844,0.00010226518,0.0001266253,0.998844,0.00023201856,0.00069499674
20.891491,Female,1.748313,133.573787,Sometimes,yes,3.0,3.0,no,no,2.874336,yes,1.624981,0.825609,Sometimes,Public_Transportation,Obesity_Type_III,43.7001437156947,Obesity_Type_III,clustering_override,0.99902356,0.00012048592,0.000119690434,0.99902356,0.00024838423,0.000487908
29.429687,Male,1.910987,129.935666,Sometimes,yes,2.200588,3.0,no,no,1.295697,yes,1.058378,0.0,Sometimes,Public_Transportation,Obesity_Type_II,35.58057084209372,Obesity_Type_II,clustering_override_stage2,0.99869686,0.00014177215,0.00015422866,0.99869686,0.00025298362,0.00075421075
30.242597,Male,1.759772,118.382361,Sometimes,yes,2.312528,3.0,no,no,2.208068,yes,1.07672,1.035711,Sometimes,Automobile,Obesity_Type_II,38.22734980457406,Obesity_Type_II,clustering_override_stage2,0.9987118,0.00010479592,9.615689e-05,0.9987118,0.00025266383,0.0008345476
21.768834,Female,1.733383,135.524857,Sometimes,yes,3.0,3.0,no,no,1.485736,yes,1.950374,0.869238,Sometimes,Public_Transportation,Obesity_Type_III,45.10554054929648,Obesity_Type_III,clustering_override,0.9989692,0.00012244131,0.00011982897,0.9989692,0.00027452703,0.00051399966
23.141402,Male,1.849307,121.658729,Sometimes,yes,3.0,2.510135,no,no,1.693362,yes,0.769709,0.0,Sometimes,Public_Transportation,Obesity_Type_II,35.57338952344553,Obesity_Type_II,clustering_override_stage2,0.998857,0.00013085375,0.00015096377,0.998857,0.00020289786,0.000658253
26.0,Female,1.652674,111.919155,Sometimes,yes,3.0,3.0,no,no,2.814517,yes,0.0,0.101598,Sometimes,Public_Transportation,Obesity_Type_III,40.97604451715118,Obesity_Type_III,clustering_override,0.999464,8.573328e-05,0.00011395136,0.999464,0.00017127396,0.00016508526
19.478533,Male,1.804099,85.196279,Sometimes,yes,2.459976,3.30846,no,no,2.078011,yes,1.779646,0.871772,Sometimes,Public_Transportation,Overweight_Level_I,26.175795890434827,Overweight_Level_I,classifier,0.99851316,0.00034751778,0.0002786288,0.0003550734,0.99851316,0.00050564046
25.498965,Female,1.68395,104.846817,Sometimes,yes,3.0,3.0,no,no,1.241378,yes,0.259427,0.852362,Sometimes,Public_Transportation,Obesity_Type_III,36.97403652911728,Obesity_Type_III,clustering_override,0.9991424,9.5750314e-05,6.4959524e-05,0.9991424,0.00019915639,0.0004976971
32.867331,Male,1.697421,103.017623,no,yes,2.600217,2.175153,no,no,1.0,yes,1.985536,0.0,Sometimes,Public_Transportation,Obesity_Type_II,35.75463782162272,Obesity_Type_I,classifier,0.99894637,0.00010236093,0.00014896184,0.99894637,0.00015033661,0.00065203465
26.0,Female,1.64599,111.922491,Sometimes,yes,3.0,3.0,no,no,2.78678,yes,0.0,0.09776,Sometimes,Public_Transportation,Obesity_Type_III,41.31074077200856,Obesity_Type_III,clustering_override,0.9994753,8.532364e-05,0.00011295518,0.9994753,0.00017354706,0.00015289731
30.610436,Male,1.783914,120.549592,Sometimes,yes,2.05687,3.0,no,no,2.358088,yes,0.093418,1.759954,Sometimes,Automobile,Obesity_Type_II,37.88069314898179,Obesity_Type_II,clustering_override_stage2,0.9988172,9.827421e-05,7.2617964e-05,0.9988172,0.0002561958,0.0007557215
26.0,Female,1.610636,105.423532,Sometimes,yes,3.0,3.0,no,no,2.180566,yes,0.0,0.519905,Sometimes,Public_Transportation,Obesity_Type_III,40.63897619288289,Obesity_Type_III,clustering_override,0.99943775,8.532044e-05,0.00011572294,0.99943775,0.00015585386,0.00020529202
18.0,Male,1.74,64.0,no,no,3.0,3.0,yes,no,2.0,no,0.0,1.0,Sometimes,Public_Transportation,Normal_Weight,21.13885585942661,Normal_Weight,classifier,0.9977265,0.00030425063,0.9977265,0.00019240192,0.001195546,0.0005813006
27.991467,Male,1.82559,120.860386,Sometimes,yes,3.0,3.0,no,no,3.0,yes,0.691369,1.415536,Sometimes,Public_Transportation,Obesity_Type_II,36.26414818039963,Obesity_Type_II,clustering_override_stage2,0.998899,0.00011283011,0.000105490064,0.998899,0.00016042801,0.00072220084
31.965402,Male,1.840708,98.259423,Sometimes,yes,2.333503,1.820779,no,no,2.559265,yes,1.327193,0.481357,Sometimes,Automobile,Overweight_Level_II,29.000428162682297,Overweight_Level_II,classifier,0.9973328,0.00036134038,0.00029617563,0.0009784022,0.0010313115,0.9973328
22.832105,Male,1.86714,121.835883,Sometimes,yes,2.826251,2.604998,no,no,1.842173,yes,1.284798,0.0,Sometimes,Public_Transportation,Obesity_Type_II,34.94792935785994,Obesity_Type_II,clustering_override_stage2,0.9988667,0.00014401301,0.00017358121,0.9988667,0.00022207176,0.0005936366
26.0,Female,1.640535,111.555967,Sometimes,yes,3.0,3.0,no,no,2.634342,yes,0.0,0.178301,Sometimes,Public_Transportation,Obesity_Type_III,41.44973941601766,Obesity_Type_III,clustering_override,0.99949825,8.5325606e-05,0.00011632891,0.99949825,0.00016683972,0.00013322721
23.69484,Female,1.637524,113.90506,Sometimes,yes,3.0,3.0,no,no,2.495961,yes,0.189831,0.652289,Sometimes,Public_Transportation,Obesity_Type_III,42.478352982502386,Obesity_Type_III,clustering_override,0.9994838,8.489824e-05,5.88478e-05,0.9994838,0.00016398482,0.00020836375
27.757187,Female,1.505437,63.892071,no,no,2.0,1.0,no,no,1.278578,yes,0.02112,0.0,Sometimes,Public_Transportation,Overweight_Level_II,28.191734331702655,Overweight_Level_II,classifier,0.9960718,0.00050974963,0.00089989766,0.00074086065,0.0017777104,0.9960718
30.605464,Male,1.754796,118.805937,Sometimes,yes,2.907542,3.0,no,no,2.284494,yes,0.647632,1.668318,Sometimes,Automobile,Obesity_Type_II,38.58201204804437,Obesity_Type_II,clustering_override_stage2,0.99862933,0.00010800753,7.2513794e-05,0.99862933,0.000271218,0.0009189693
18.260079,Male,1.801848,104.741914,no,yes,2.0,3.0,no,no,3.0,yes,1.783858,0.0,Sometimes,Public_Transportation,Obesity_Type_I,32.26147367027119,Obesity_Type_I,classifier,0.9985493,0.00010437835,0.0002606155,0.9985493,0.00032132707,0.0007643678
25.12791,Female,1.668537,112.555456,Sometimes,yes,3.0,3.0,no,no,2.868679,yes,0.115369,0.028583,Sometimes,Public_Transportation,Obesity_Type_III,40.42917400806977,Obesity_Type_III,clustering_override,0.99947804,8.704542e-05,5.9941198e-05,0.99947804,0.00018431732,0.00019065122
19.637947,Male,1.809101,85.0,Sometimes,yes,3.0,3.0,no,no,2.229171,yes,1.607953,0.628059,Sometimes,Public_Transportation,Overweight_Level_I,25.97127664395861,Overweight_Level_I,classifier,0.9974733,0.0004174053,0.0005387545,0.00056987174,0.9974733,0.0010006712
24.001196,Male,1.603091,100.209405,no,yes,3.0,1.02075,no,no,1.0,yes,0.233056,1.707421,Sometimes,Public_Transportation,Obesity_Type_II,38.993492193451,Obesity_Type_I,classifier,0.9993932,9.439199e-05,9.2578724e-05,0.9993932,0.0001165771,0.00030325996
39.12631,Female,1.562889,76.65949,Sometimes,yes,2.0,3.0,no,no,1.440526,yes,0.0,0.0,Sometimes,Automobile,Obesity_Type_I,31.38409838851003,Obesity_Type_I,classifier,0.997968,9.4332645e-05,0.00023926538,0.997968,0.0012457503,0.00045264946
26.0,Female,1.66,112.0,no,no,3.0,3.0,no,no,3.0,yes,0.0,0.0,Sometimes,Automobile,Obesity_Type_III,40.64450573377849,Obesity_Type_III,clustering_override,0.9986436,0.000117303134,0.00026859483,0.9986436,0.00023397786,0.000736606
31.347497,Male,1.868127,123.172214,Sometimes,yes,2.585942,3.0,no,no,2.302506,yes,0.597863,0.111925,Sometimes,Public_Transportation,Obesity_Type_II,35.29392457086478,Obesity_Type_II,clustering_override_stage2,0.99877423,0.00013062796,8.1039085e-05,0.99877423,0.00023215197,0.0007818983
18.549437,Female,1.545196,72.467862,Sometimes,no,3.0,3.014808,no,no,2.0,yes,1.997529,1.0,Sometimes,Public_Transportation,Overweight_Level_II,30.351369939708,Overweight_Level_II,classifier_low_confidence,0.8990104,0.0013748249,0.003585513,0.09262235,0.0034068446,0.8990104
27.83173,Male,1.704028,101.634313,Sometimes,yes,2.630401,1.0,no,no,1.0,yes,0.245354,0.315261,Sometimes,Automobile,Obesity_Type_II,35.00151982477402,Obesity_Type_I,classifier,0.9987446,0.000110884386,8.0800004e-05,0.9987446,0.00033782097,0.0007258216
41.0,Male,1.75,115.806977,no,yes,2.0,2.701521,no,no,1.142644,yes,0.514225,0.0,Sometimes,Automobile,Obesity_Type_II,37.814523102040816,Obesity_Type_II,clustering_override_stage2,0.9983726,7.468306e-05,0.00010174444,0.9983726,0.00029050928,0.0011604519
21.022206,Female,1.73995,135.693381,Sometimes,yes,3.0,3.0,no,no,1.663213,yes,1.094035,0.786665,Sometimes,Public_Transportation,Obesity_Type_III,44.82136999812598,Obesity_Type_III,clustering_override,0.9988938,0.0001241217,0.000114645234,0.9988938,0.0002704333,0.00059700356
23.365649,Male,1.757691,95.361795,no,yes,2.0,3.0,no,no,3.0,yes,3.0,2.0,Sometimes,Public_Transportation,Obesity_Type_I,30.86664017598137,Obesity_Type_I,classifier,0.99872583,7.58279e-05,0.0001848956,0.99872583,0.00016507304,0.000848369
21.051107,Female,1.753266,133.852432,Sometimes,yes,3.0,3.0,no,no,2.95311,yes,1.445148,0.67321,Sometimes,Public_Transportation,Obesity_Type_III,43.54423294611752,Obesity_Type_III,clustering_override,0.9990081,0.00011785321,0.00011222223,0.9990081,0.00024270907,0.00051912316
37.638102,Male,1.750085,118.114184,Sometimes,yes,2.073224,3.0,no,no,2.024035,yes,0.131371,0.0,Sometimes,Automobile,Obesity_Type_II,38.564150493584386,Obesity_Type_II,clustering_override_stage2,0.9986589,0.00010476919,9.464467e-05,0.9986589,0.00035206333,0.00078958424
31.194458,Male,1.726279,110.714711,no,yes,1.794825,3.914454,no,no,1.972016,yes,0.668963,0.0,Sometimes,Automobile,Obesity_Type_II,37.15209904823956,Obesity_Type_II,clustering_override_stage2,0.9980375,0.0001013412,0.000111903086,0.9980375,0.0005720061,0.0011772614
21.207423,Female,1.707508,121.864326,Sometimes,yes,3.0,3.0,no,no,1.615548,yes,1.376534,0.926052,Sometimes,Public_Transportation,Obesity_Type_III,41.79757605004097,Obesity_Type_III,clustering_override,0.9989059,0.00012309245,0.000113872644,0.9989059,0.00025192703,0.00060521474
23.0,Female,1.75,56.0,Sometimes,no,3.0,3.0,no,no,2.0,no,2.0,0.0,Frequently,Public_Transportation,Insufficient_Weight,18.285714285714285,Insufficient_Weight,classifier,0.9941725,0.9941725,0.0047956714,0.0002214516,0.00044461715,0.00036579923
34.647036,Male,1.769499,85.0,no,yes,2.802696,3.0,no,no,2.978465,yes,1.974656,0.936925,Sometimes,Automobile,Overweight_Level_II,27.146777452780274,Overweight_Level_II,classifier,0.9909238,0.0004562576,0.00042322796,0.0007135182,0.007483145,0.9909238
45.0,Female,1.675953,79.66832,no,yes,2.598051,3.0,no,no,1.0,yes,0.0,0.0,Sometimes,Automobile,Overweight_Level_II,28.36364157575327,Overweight_Level_II,classifier,0.99594903,0.00045381105,0.0008271027,0.001138574,0.0016314848,0.99594903
30.003358,Male,1.758355,112.007101,Sometimes,yes,1.750809,3.0,no,no,2.002871,yes,0.0,0.114457,Sometimes,Automobile,Obesity_Type_II,36.22700536566606,Obesity_Type_II,clustering_override_stage2,0.9986505,7.193887e-05,0.00014066247,0.9986505,0.0003169231,0.00081998965
25.765628,Female,1.627839,108.10736,Sometimes,yes,3.0,3.0,no,no,2.320068,yes,0.045246,0.413106,Sometimes,Public_Transportation,Obesity_Type_III,40.79738844872061,Obesity_Type_III,clustering_override,0.99955064,8.533008e-05,5.9156326e-05,0.99955064,0.00015835221,0.00014646177
27.0,Male,1.83,71.0,no,yes,2.0,3.0,no,no,2.0,yes,3.0,2.0,Sometimes,Automobile,Normal_Weight,21.20099137030069,Normal_Weight,classifier,0.99741423,0.0002567315,0.99741423,0.00037679262,0.001309837,0.00064239
26.945139,Male,1.773259,118.154345,Sometimes,no,2.18354,3.0,no,no,2.277937,yes,0.68183,0.0,Sometimes,Automobile,Obesity_Type_II,37.5755504618512,Obesity_Type_II,clustering_override_stage2,0.9981889,0.00012885705,0.000118250166,0.9981889,0.0003191628,0.0012447617
17.908114,Male,1.793926,59.682591,no,yes,2.568063,4.0,no,no,2.0,yes,2.0,0.220029,Sometimes,Automobile,Insufficient_Weight,18.545503142543524,Normal_Weight,classifier_low_confidence,0.83245784,0.16132703,0.83245784,0.0013353983,0.0032836245,0.0015960607
20.074449,Female,1.810427,152.217135,Sometimes,yes,3.0,3.0,no,no,2.299156,yes,1.699056,0.729722,Sometimes,Public_Transportation,Obesity_Type_III,46.440994118070854,Obesity_Type_III,clustering_override,0.99895895,0.00012886965,0.00013876896,0.99895895,0.0002820926,0.0004912881
34.281681,Female,1.673333,77.205685,no,yes,2.689929,1.835543,no,no,1.718569,yes,0.674348,0.707246,Sometimes,Automobile,Overweight_Level_II,27.573032246837997,Overweight_Level_II,classifier,0.995669,0.00024960673,0.0001444037,0.00056459074,0.0033723528,0.995669
27.266287,Male,1.828276,120.872294,Sometimes,yes,2.637202,3.0,no,no,2.966647,yes,1.159598,0.758897,Sometimes,Public_Transportation,Obesity_Type_II,36.16123447286363,Obesity_Type_II,clustering_override_stage2,0.9989655,0.000110308705,0.00010010215,0.9989655,0.00016282138,0.0006612453
18.976968,Female,1.759091,133.903612,Sometimes,yes,3.0,3.0,no,no,2.862408,yes,1.456933,0.742423,Sometimes,Public_Transportation,Obesity_Type_III,43.27286788945636,Obesity_Type_III,clustering_override,0.9989096,0.00012821115,0.00012315586,0.9989096,0.00027987978,0.00055918144
21.656907,Female,1.729099,134.842656,Sometimes,yes,3.0,3.0,no,no,1.3954,yes,1.931173,0.878258,Sometimes,Public_Transportation,Obesity_Type_III,45.10114618130201,Obesity_Type_III,clustering_override,0.99897265,0.00012244174,0.00011982938,0.99897265,0.00027239523,0.00051275326
27.0,Male,1.64,78.0,Frequently,yes,2.0,1.0,no,no,2.0,yes,0.0,0.0,Sometimes,Automobile,Overweight_Level_II,29.000594883997625,Overweight_Level_II,classifier,0.9898372,0.00078821584,0.002479821,0.0042004776,0.002694246,0.9898372
21.963457,Male,1.697228,75.5771,Sometimes,yes,2.204914,3.623364,no,no,1.815293,yes,0.989316,0.0,Sometimes,Public_Transportation,Overweight_Level_I,26.236738550453666,Overweight_Level_I,classifier,0.99753845,0.00034106162,0.0003269006,0.000335231,0.99753845,0.0014583658
25.057878,Male,1.763987,113.069667,Sometimes,yes,1.412566,3.0,no,no,2.002495,yes,1.592795,0.001867,Sometimes,Public_Transportation,Obesity_Type_II,36.33752576670109,Obesity_Type_II,clustering_override_stage2,0.9988337,8.011064e-05,0.00020865122,0.9988337,0.000227019,0.00065052795
18.0,Male,1.77,87.0,Frequently,yes,3.0,3.0,no,no,2.0,yes,1.0,1.0,Sometimes,Public_Transportation,Overweight_Level_II,27.769797950780426,Overweight_Level_II,classifier,0.9974045,0.00028457612,0.00043663703,0.00034679758,0.0015274688,0.9974045
18.011903,Female,1.65,84.210535,no,yes,2.85916,3.0,no,no,1.0,yes,1.020525,0.786066,Sometimes,Public_Transportation,Obesity_Type_I,30.93132598714417,Obesity_Type_I,classifier,0.9988576,0.00012841189,0.00013905014,0.9988576,0.00025459184,0.0006202908
40.174191,Male,1.763029,116.974504,Sometimes,yes,2.046651,2.842035,no,no,1.732072,yes,0.584272,0.0,Sometimes,Automobile,Obesity_Type_II,37.63329980220266,Obesity_Type_II,clustering_override_stage2,0.9984938,7.814801e-05,9.546157e-05,0.9984938,0.00039030286,0.0009422698
20.0,Male,1.56,45.0,Sometimes,no,2.0,3.0,no,no,2.0,no,1.0,1.0,Sometimes,Public_Transportation,Normal_Weight,18.49112426035503,Insufficient_Weight,classifier_low_confidence,0.4958538,0.4958538,0.48903736,0.0027513155,0.0044308533,0.007926638
24.469756,Female,1.663341,113.077187,Sometimes,yes,3.0,3.0,no,no,2.632224,yes,0.300964,0.26956,Sometimes,Public_Transportation,Obesity_Type_III,40.87073150351485,Obesity_Type_III,clustering_override,0.9995122,8.704839e-05,5.9943246e-05,0.9995122,0.00018586588,0.00015494866
30.444081,Male,1.761068,118.370628,Sometimes,yes,2.571274,3.0,no,no,2.224164,yes,1.018158,1.152899,Sometimes,Automobile,Obesity_Type_II,38.16732301071855,Obesity_Type_II,clustering_override_stage2,0.99861443,0.00011061119,0.000100016594,0.99861443,0.0002535008,0.0009214493
23.0,Female,1.615854,80.615325,no,yes,2.0,1.0,no,no,2.0,yes,0.026142,0.0,Sometimes,Public_Transportation,Obesity_Type_I,30.875455533163162,Obesity_Type_I,classifier,0.9992918,7.669811e-05,0.000118150274,0.9992918,0.00017250593,0.00034079465
25.999636,Female,1.610126,102.686908,Sometimes,yes,3.0,3.0,no,no,1.020313,yes,0.108386,1.0,Sometimes,Public_Transportation,Obesity_Type_III,39.60913435175194,Obesity_Type_III,clustering_override,0.99939215,9.280032e-05,8.43739e-05,0.99939215,0.00018506042,0.00024557076
24.825393,Male,1.603501,101.038263,no,yes,2.996186,1.134042,no,no,1.270166,yes,0.073065,1.551934,Sometimes,Public_Transportation,Obesity_Type_II,39.295914593578416,Obesity_Type_I,classifier,0.9994192,9.075236e-05,6.918827e-05,0.9994192,0.00011388532,0.00030701098
31.627962,Male,1.762389,118.548733,Sometimes,yes,2.998441,3.0,no,no,2.462916,yes,0.554646,1.99219,Sometimes,Automobile,Obesity_Type_II,38.16746972694122,Obesity_Type_II,clustering_override_stage2,0.99865204,0.00010872193,7.357132e-05,0.99865204,0.00026376394,0.00090188725
30.002029,Male,1.759324,112.000381,Sometimes,yes,1.572036,3.0,no,no,2.003563,yes,0.0,0.340196,Sometimes,Automobile,Obesity_Type_II,36.184939065908246,Obesity_Type_II,clustering_override_stage2,0.99868983,7.778071e-05,0.0001520852,0.99868983,0.0003646,0.00071575376
33.55336,Male,1.699793,103.841672,no,yes,2.576449,2.419656,no,no,1.0,yes,1.982379,0.0,Sometimes,Public_Transportation,Obesity_Type_II,35.940126339418406,Obesity_Type_I,classifier,0.9989236,0.000104568746,0.00015217478,0.9989236,0.00015357921,0.00066609826
16.611837,Female,1.830068,43.534531,Sometimes,yes,2.945967,3.0,no,no,2.953192,no,2.830911,1.466667,Sometimes,Public_Transportation,Insufficient_Weight,12.998684889724604,Insufficient_Weight,classifier,0.99904066,0.99904066,0.0004395332,9.231168e-05,0.0003291718,9.832405e-05
26.0,Female,1.649178,111.914361,Sometimes,yes,3.0,3.0,no,no,2.884077,yes,0.0,0.096576,Sometimes,Public_Transportation,Obesity_Type_III,41.14819165528352,Obesity_Type_III,clustering_override,0.9994753,8.532364e-05,0.00011295518,0.9994753,0.00017354706,0.00015289731
30.976932,Male,1.755333,118.237782,Sometimes,yes,2.938616,3.0,no,no,2.06039,yes,0.371508,1.333559,Sometimes,Automobile,Obesity_Type_II,38.37401483591309,Obesity_Type_II,clustering_override_stage2,0.99872786,0.000107421845,7.252095e-05,0.99872786,0.0002718889,0.00082029216
23.327836,Male,1.754439,119.441207,Sometimes,yes,1.893428,3.0,no,no,2.0,yes,1.917383,0.93648,Sometimes,Public_Transportation,Obesity_Type_II,38.804102022830456,Obesity_Type_II,clustering_override_stage2,0.9988619,7.400193e-05,0.00013876488,0.9988619,0.00019460243,0.0007307442
26.0,Female,1.65782,111.95611,Sometimes,yes,3.0,3.0,no,no,2.777557,yes,0.0,0.051858,Sometimes,Public_Transportation,Obesity_Type_III,40.735499950301325,Obesity_Type_III,clustering_override,0.9994628,8.5733176e-05,0.00011395123,0.9994628,0.00016985259,0.00016770604
23.975685,Male,1.840039,120.975489,Sometimes,yes,2.598207,2.849347,no,no,2.006167,yes,1.52001,0.295685,Sometimes,Public_Transportation,Obesity_Type_II,35.7308485510011,Obesity_Type_II,clustering_override_stage2,0.9991098,0.00012616483,0.00011551265,0.9991098,0.00020812235,0.00044038414
25.998646,Female,1.640741,104.808542,Sometimes,yes,3.0,3.0,no,no,2.653531,yes,0.190061,0.692343,Sometimes,Public_Transportation,Obesity_Type_III,38.93288779653455,Obesity_Type_III,clustering_override,0.99949265,8.489899e-05,5.884832e-05,0.99949265,0.00016398626,0.00019965017
27.186873,Male,1.679515,102.872802,no,yes,2.667229,1.09749,no,no,1.225958,yes,0.206954,1.003011,Sometimes,Public_Transportation,Obesity_Type_II,36.46975075369582,Obesity_Type_I,classifier,0.99881786,9.473578e-05,7.794053e-05,0.99881786,0.0001168017,0.000892685
20.327723,Female,1.782714,154.618446,Sometimes,yes,3.0,3.0,no,no,2.319559,yes,1.97073,0.768375,Sometimes,Public_Transportation,Obesity_Type_III,48.65169258051864,Obesity_Type_III,clustering_override,0.99904794,0.00012043993,0.00012686026,0.99904794,0.00025346165,0.00045123536
23.479181,Male,1.680171,91.068054,no,yes,1.220024,3.0,no,no,1.046254,yes,0.520989,0.61599,Sometimes,Automobile,Obesity_Type_I,32.259608126506386,Obesity_Type_I,classifier,0.9981767,6.629724e-05,7.399434e-05,0.9981767,0.00023888514,0.0014441943
21.521294,Female,1.803677,160.639405,Sometimes,yes,3.0,3.0,no,no,2.404049,yes,0.427905,0.639894,Sometimes,Public_Transportation,Obesity_Type_III,49.378120166451424,Obesity_Type_III,clustering_override,0.99901485,0.00011938843,8.825477e-05,0.99901485,0.0002449869,0.00053250894
26.0,Female,1.639251,111.927001,Sometimes,yes,3.0,3.0,no,no,2.675567,yes,0.0,0.081929,Sometimes,Public_Transportation,Obesity_Type_III,41.65277619016687,Obesity_Type_III,clustering_override,0.99947876,8.532394e-05,0.00011632664,0.99947876,0.00016683646,0.00015283602
31.386405,Female,1.556579,78.233341,Sometimes,yes,2.13683,2.092179,no,no,1.505381,yes,0.0,0.0,Sometimes,Public_Transportation,Obesity_Type_I,32.28862442348924,Obesity_Type_I,classifier,0.99893135,0.00012247101,0.00019764848,0.99893135,0.00037052995,0.0003780438
22.771001,Male,1.86516,121.527369,Sometimes,yes,2.739,2.740492,no,no,1.824561,yes,1.094839,0.0,Sometimes,Public_Transportation,Obesity_Type_II,34.93348469464656,Obesity_Type_II,clustering_override_stage2,0.9988564,0.00014401154,0.00017260828,0.9988564,0.000219039,0.0006079191
23.147644,Male,1.815514,120.337664,Sometimes,yes,2.996717,2.791366,no,no,2.626309,yes,1.194898,0.034897,Sometimes,Public_Transportation,Obesity_Type_II,36.50920466882468,Obesity_Type_II,clustering_override_stage2,0.9991062,0.000111474714,0.000104973675,0.9991062,0.00018083832,0.0004964555
20.520992,Female,1.668642,124.704781,Sometimes,yes,3.0,3.0,no,no,1.15635,yes,0.786828,0.366385,Sometimes,Public_Transportation,Obesity_Type_III,44.78749397134055,Obesity_Type_III,clustering_override,0.99936897,0.00010121718,7.212628e-05,0.99936897,0.00026438586,0.00019332647
22.018228,Male,1.627396,70.0,Sometimes,yes,2.0,1.0,no,no,2.976177,no,0.780117,0.0,no,Public_Transportation,Overweight_Level_I,26.430875658774433,Overweight_Level_I,classifier,0.99838865,0.00019613527,0.00042014688,0.00025816826,0.99838865,0.0007368946
24.347414,Male,1.789193,89.393589,Sometimes,yes,1.521604,2.174968,no,no,2.0,yes,0.0,0.632467,Sometimes,Public_Transportation,Overweight_Level_II,27.92492356468126,Overweight_Level_II,classifier,0.99771285,0.00017036335,0.00038044376,0.00044105318,0.0012952518,0.99771285
23.0,Male,1.68,70.0,Frequently,yes,2.0,3.0,no,no,2.0,no,2.0,2.0,Sometimes,Walking,Normal_Weight,24.801587301587304,Normal_Weight,classifier,0.9926703,0.00018411239,0.9926703,0.00026505356,0.0064924452,0.00038808977
25.940153,Female,1.596813,102.320437,Sometimes,yes,3.0,3.0,no,no,1.000536,yes,0.005939,0.566353,Sometimes,Public_Transportation,Obesity_Type_III,40.12862389560469,Obesity_Type_III,clustering_override,0.9994172,9.359626e-05,7.401751e-05,0.9994172,0.00018628065,0.00022893123
22.976188,Male,1.825718,121.236915,Sometimes,yes,2.397284,2.89292,no,no,1.983973,yes,1.859667,0.0026,Sometimes,Public_Transportation,Obesity_Type_II,36.3720250953442,Obesity_Type_II,clustering_override_stage2,0.9990252,0.000117884454,0.0001642355,0.9990252,0.00019780868,0.0004948545
21.305402,Female,1.694952,133.76473,Sometimes,yes,3.0,3.0,no,no,1.338241,yes,1.92628,0.886135,Sometimes,Public_Transportation,Obesity_Type_III,46.5614835851868,Obesity_Type_III,clustering_override,0.99909425,0.000108978566,0.00010622277,0.99909425,0.00021999648,0.00047053563
29.0,Male,1.77,83.0,no,yes,1.0,4.0,no,no,3.0,no,0.0,1.0,Frequently,Motorbike,Overweight_Level_I,26.493025631204315,Overweight_Level_I,classifier,0.9952739,0.00042009223,0.0011757095,0.0006457643,0.9952739,0.0024845756
19.724106,Female,1.734832,50.0,Sometimes,no,1.123939,4.0,no,no,1.0,no,1.303976,0.371941,Frequently,Public_Transportation,Insufficient_Weight,16.61327123510909,Insufficient_Weight,classifier,0.9980142,0.9980142,0.0010355168,0.00015417104,0.0005157106,0.00028037338
18.267696,Female,1.706343,93.348843,Sometimes,yes,1.70825,3.0,no,no,1.0,yes,0.899864,1.0,Sometimes,Public_Transportation,Obesity_Type_I,32.0609413144515,Obesity_Type_I,classifier,0.99770135,0.00012921757,0.0001636371,0.99770135,0.00045688832,0.0015489667
24.449655,Female,1.635062,113.277388,Sometimes,yes,3.0,3.0,no,no,2.578038,yes,0.165422,0.463196,Sometimes,Public_Transportation,Obesity_Type_III,42.37159140015642,Obesity_Type_III,clustering_override,0.99949276,8.532514e-05,5.8848327e-05,0.99949276,0.00016631011,0.00019677922
27.0,Male,1.7,78.0,Frequently,yes,3.0,3.0,no,no,3.0,no,1.0,1.0,Sometimes,Public_Transportation,Overweight_Level_II,26.989619377162633,Overweight_Level_II,classifier,0.9926878,0.0005242431,0.0008235127,0.00056126853,0.005403134,0.9926878
20.601222,Female,1.738717,128.114161,Sometimes,yes,3.0,3.0,no,no,1.797041,yes,1.427413,0.966181,Sometimes,Public_Transportation,Obesity_Type_III,42.37789065382718,Obesity_Type_III,clustering_override,0.9988306,0.00012897604,0.00012365026,0.9988306,0.00027000823,0.0006466964
19.034033,Male,1.703098,98.296651,no,yes,2.0,2.391753,no,no,2.0,yes,0.0,1.119877,Sometimes,Public_Transportation,Obesity_Type_I,33.88905382854484,Obesity_Type_I,classifier,0.9984517,8.983378e-05,0.00018891566,0.9984517,0.00016630112,0.001103268
26.774115,Male,1.755938,112.287678,Sometimes,yes,1.428289,3.0,no,no,2.117733,yes,0.485322,0.696948,Sometimes,Automobile,Obesity_Type_II,36.417803332984896,Obesity_Type_II,clustering_override_stage2,0.99861944,7.371339e-05,7.249773e-05,0.99861944,0.00031169452,0.0009226313
20.0,Male,1.8,114.0,no,yes,2.0,3.0,no,no,2.0,yes,0.0,1.0,Frequently,Public_Transportation,Obesity_Type_II,35.18518518518518,Obesity_Type_II,clustering_override_stage2,0.99846715,0.00011601756,0.00038670158,0.99846715,0.00021046608,0.0008196562
34.576714,Male,1.73325,103.669116,no,yes,2.501224,2.049565,no,no,1.0,yes,1.746583,0.0,Sometimes,Automobile,Obesity_Type_II,34.50857115858827,Obesity_Type_I,classifier,0.9987447,0.00011345215,0.0001534649,0.9987447,0.00026363728,0.0007246625
26.0,Female,1.56,102.0,Sometimes,yes,3.0,3.0,no,yes,1.0,yes,0.0,1.0,Sometimes,Public_Transportation,Obesity_Type_III,41.913214990138066,Obesity_Type_III,clustering_override,0.99918765,9.803541e-05,0.0002014597,0.99918765,0.00018975032,0.00032312327
40.564513,Male,1.748015,109.758736,no,yes,2.310751,3.220181,no,no,1.006643,yes,1.15804,0.0,Sometimes,Automobile,Obesity_Type_II,35.92103047257663,Obesity_Type_II,clustering_override_stage2,0.99850154,0.00012776813,0.0001358936,0.99850154,0.0003771366,0.0008576708
21.056059,Female,1.730113,152.094362,Sometimes,yes,3.0,3.0,no,no,2.374958,yes,0.750111,0.671458,Sometimes,Public_Transportation,Obesity_Type_III,50.81175280566433,Obesity_Type_III,clustering_override,0.99896455,0.00011443706,7.9632846e-05,0.99896455,0.00025463803,0.00058677833
21.962219,Male,1.931263,118.20313,Sometimes,yes,2.0,3.0,no,no,3.0,yes,0.743593,1.0,Sometimes,Public_Transportation,Obesity_Type_I,31.691743802722378,Obesity_Type_II,clustering_override_stage2,0.99873227,9.406446e-05,0.00012895178,0.99873227,0.00022518929,0.0008195842
32.259623,Male,1.703346,102.686239,no,yes,2.723953,1.924168,no,no,1.0,yes,1.622055,0.069367,Sometimes,Public_Transportation,Obesity_Type_II,35.39211346723196,Obesity_Type_I,classifier,0.998662,0.00011023649,0.00011794572,0.998662,0.00018185917,0.0009279994
37.588628,Male,1.754217,117.8972,Sometimes,yes,2.535154,2.915921,no,no,1.8924,yes,0.693732,0.06741,Sometimes,Automobile,Obesity_Type_II,38.31217961666869,Obesity_Type_II,clustering_override_stage2,0.99855644,0.000111671434,6.913461e-05,0.99855644,0.00040898114,0.00085381285
25.951737,Female,1.629442,104.835346,Sometimes,yes,3.0,3.0,no,no,2.225139,yes,0.035928,0.565315,Sometimes,Public_Transportation,Obesity_Type_III,39.48479796459664,Obesity_Type_III,clustering_override,0.9994986,8.5325635e-05,5.884867e-05,0.9994986,0.00015459232,0.00020266781
30.0,Male,1.76,112.0,Frequently,yes,1.0,3.0,yes,yes,2.0,yes,0.0,0.0,no,Automobile,Obesity_Type_II,36.15702479338843,Obesity_Type_II,clustering_override_stage2,0.9981989,9.2479815e-05,0.0003032288,0.9981989,0.0003539948,0.0010513972
18.0,Male,1.803527,108.251044,no,yes,2.0,1.709546,no,no,2.530157,yes,1.0,0.6454,Sometimes,Public_Transportation,Obesity_Type_I,33.28026660535827,Obesity_Type_II,clustering_override_stage2,0.99830663,0.000104987244,0.00016796443,0.99830663,0.00027481368,0.0011456262
22.693989,Female,1.627908,82.0,Sometimes,yes,1.918251,1.355752,no,no,1.998108,yes,0.0,1.382906,Sometimes,Public_Transportation,Obesity_Type_I,30.942410080549802,Obesity_Type_I,classifier,0.9992755,6.699508e-05,0.00012982581,0.9992755,0.0002395037,0.00028822265
25.897815,Female,1.664463,102.781971,Sometimes,yes,3.0,3.0,no,no,1.068493,yes,0.112122,1.0,Sometimes,Public_Transportation,Obesity_Type_III,37.09955075410316,Obesity_Type_III,clustering_override,0.99931836,9.466572e-05,8.549326e-05,0.99931836,0.00019319578,0.00030834583
25.999174,Female,1.638218,104.810024,Sometimes,yes,3.0,3.0,no,no,2.654636,yes,0.069238,0.629578,Sometimes,Public_Transportation,Obesity_Type_III,39.053452503185355,Obesity_Type_III,clustering_override,0.99950266,8.489984e-05,5.884891e-05,0.99950266,0.00015907416,0.00019447597
36.769646,Female,1.55,62.337721,Sometimes,yes,2.392665,3.0,no,no,2.951056,yes,0.0,0.369134,Sometimes,Automobile,Overweight_Level_I,25.94702226847034,Overweight_Level_I,classifier,0.9992353,0.00018433302,0.00023888182,0.00018200315,0.9992353,0.00015955827
18.845518,Female,1.753471,80.0,no,yes,2.0,1.391778,no,no,2.64548,yes,2.685087,0.97554,Sometimes,Public_Transportation,Overweight_Level_I,26.019132439246118,Overweight_Level_I,classifier,0.998505,0.0001740384,0.0002868568,0.00031449224,0.998505,0.0007196376
18.0,Male,1.70653,51.121749,Sometimes,yes,2.0,3.0,no,no,2.0,yes,0.0,1.329237,Sometimes,Public_Transportation,Insufficient_Weight,17.554070932791323,Insufficient_Weight,classifier,0.99700004,0.99700004,0.0019854913,0.000237009,0.00040695112,0.00037053996
23.76197,Female,1.69135,114.480696,Sometimes,yes,3.0,3.0,no,no,2.509535,yes,0.334264,0.668172,Sometimes,Public_Transportation,Obesity_Type_III,40.018912771455945,Obesity_Type_III,clustering_override,0.99917245,9.398914e-05,6.347928e-05,0.99917245,0.00017636667,0.00049378985
25.196214,Female,1.686306,104.572712,Sometimes,yes,3.0,3.0,no,no,1.152736,yes,0.319156,1.0,Sometimes,Public_Transportation,Obesity_Type_III,36.77440042603727,Obesity_Type_III,clustering_override,0.9990797,9.864395e-05,8.770261e-05,0.9990797,0.00019475367,0.0005392363
19.47219,Female,1.793824,160.935351,Sometimes,yes,3.0,3.0,no,no,2.069257,yes,1.986646,0.947091,Sometimes,Public_Transportation,Obesity_Type_III,50.014023179654735,Obesity_Type_III,clustering_override,0.99895537,0.00013071235,0.00013222905,0.99895537,0.00029476883,0.00048691416
20.843363,Female,1.521008,67.083121,no,no,2.493448,3.0,no,no,1.849997,yes,0.954459,1.444532,Sometimes,Public_Transportation,Overweight_Level_II,28.99681268366505,Overweight_Level_II,classifier,0.99951243,0.00011902636,9.338468e-05,0.00010331125,0.00017180562,0.99951243
18.20634,Female,1.807406,141.799429,Sometimes,yes,3.0,3.0,no,no,2.472903,yes,1.998047,0.840911,Sometimes,Public_Transportation,Obesity_Type_III,43.40732696605061,Obesity_Type_III,clustering_override,0.9986952,0.00016489049,0.00018334771,0.9986952,0.00036277794,0.0005938665
23.335391,Male,1.71338,82.085549,Sometimes,yes,2.716909,2.598079,no,no,2.90545,yes,1.600431,0.176892,Sometimes,Public_Transportation,Overweight_Level_II,27.96142630347243,Overweight_Level_II,classifier,0.99586076,0.0004053971,0.0003598833,0.00061246473,0.002761568,0.99586076
27.93982,Male,1.694642,99.709329,no,yes,2.772027,2.454432,no,no,1.0,yes,0.858554,0.051268,Sometimes,Public_Transportation,Obesity_Type_II,34.7200116430155,Obesity_Type_I,classifier,0.9985812,0.00010044512,7.853898e-05,0.9985812,0.00013153694,0.0011082971
40.50021,Male,1.748103,108.308112,no,yes,2.317459,3.734323,no,no,1.0,yes,1.628637,0.0,Sometimes,Automobile,Obesity_Type_II,35.44271227549053,Obesity_Type_II,clustering_override_stage2,0.99824595,0.00016189738,0.00016945401,0.99824595,0.0006800473,0.0007427185
30.02019,Male,1.75834,112.010504,Sometimes,yes,1.868212,3.0,no,no,2.023328,yes,0.0,0.613992,Sometimes,Automobile,Obesity_Type_II,36.22872412478491,Obesity_Type_II,clustering_override_stage2,0.99872404,6.818673e-05,0.00012383271,0.99872404,0.0002950518,0.0007888214
25.139466,Male,1.767186,112.226032,Sometimes,yes,1.443674,3.0,no,no,2.002194,yes,1.386151,0.001337,Sometimes,Public_Transportation,Obesity_Type_II,35.93594609497362,Obesity_Type_II,clustering_override_stage2,0.9988028,8.010816e-05,0.0002064251,0.9988028,0.00022239219,0.0006882484
22.038327,Female,1.711467,51.965521,no,yes,2.880161,3.0,no,no,1.031354,yes,2.206738,1.37465,Frequently,Public_Transportation,Insufficient_Weight,17.741005339164264,Insufficient_Weight,classifier,0.9993618,0.9993618,0.00037210018,6.722168e-05,9.465575e-05,0.00010422355
30.421596,Male,1.819296,122.137917,Sometimes,yes,2.0,3.0,no,no,1.984323,yes,0.793262,0.0,Sometimes,Public_Transportation,Obesity_Type_II,36.9014795817393,Obesity_Type_II,clustering_override_stage2,0.99874383,7.877029e-05,0.00011791106,0.99874383,0.00019827415,0.00086119305
25.15462,Male,1.758398,112.089022,Sometimes,yes,1.108663,3.0,no,no,2.0,yes,1.230219,0.001716,Sometimes,Automobile,Obesity_Type_II,36.25172840585258,Obesity_Type_II,clustering_override_stage2,0.9986449,8.0095495e-05,0.00018703208,0.9986449,0.00033115814,0.00075680343
20.0,Female,1.66,60.0,Sometimes,no,3.0,3.0,no,no,2.0,yes,1.0,0.0,Sometimes,Walking,Normal_Weight,21.773842357381334,Normal_Weight,classifier,0.9989256,0.0002180244,0.9989256,0.00014085375,0.0004689473,0.00024656608
18.0,Male,1.75,85.0,Sometimes,no,2.0,3.0,no,no,3.0,yes,1.0,0.0,Sometimes,Public_Transportation,Overweight_Level_II,27.755102040816325,Overweight_Level_II,classifier,0.9974137,0.00016654431,0.00040397368,0.00035044094,0.0016653549,0.9974137
25.42724,Female,1.683502,104.759643,Sometimes,yes,3.0,3.0,no,no,1.525127,yes,0.220825,0.896105,Sometimes,Public_Transportation,Obesity_Type_III,36.96295949947392,Obesity_Type_III,clustering_override,0.9991642,9.332171e-05,6.331189e-05,0.9991642,0.000194105,0.0004850735
31.86893,Male,1.75,118.102897,Sometimes,yes,2.139196,3.0,no,no,2.04843,yes,0.368026,0.360986,Sometimes,Automobile,Obesity_Type_II,38.56421126530612,Obesity_Type_II,clustering_override_stage2,0.998836,0.00010518435,6.716926e-05,0.998836,0.00035597017,0.0006356824
19.114981,Male,1.855543,88.965521,Sometimes,yes,2.0,3.0,no,no,1.015677,yes,0.0,0.37465,Sometimes,Public_Transportation,Overweight_Level_I,25.839236699477247,Overweight_Level_I,classifier,0.99737346,0.00028670012,0.00058450527,0.00059246604,0.99737346,0.001162922
30.945369,Male,1.759647,120.009392,Sometimes,yes,2.766612,3.0,no,no,2.173417,yes,1.089344,1.198439,Sometimes,Automobile,Obesity_Type_II,38.758247229484454,Obesity_Type_II,clustering_override_stage2,0.99873596,0.00010634509,9.615921e-05,0.99873596,0.00025427865,0.00080724934
24.0,Female,1.56,60.0,Sometimes,yes,1.0,3.0,no,no,2.0,yes,0.0,2.0,Always,Public_Transportation,Normal_Weight,24.654832347140037,Normal_Weight,classifier,0.97133285,0.00046110986,0.97133285,0.0006242375,0.026889991,0.0006918244
25.991886,Female,1.580968,102.003378,Sometimes,yes,3.0,3.0,no,no,1.003563,yes,0.008127,1.0,Sometimes,Public_Transportation,Obesity_Type_III,40.81016918345623,Obesity_Type_III,clustering_override,0.999358,9.594357e-05,9.993188e-05,0.999358,0.00018216303,0.0002639985
26.0,Female,1.643017,111.720238,Sometimes,yes,3.0,3.0,no,no,2.632498,yes,0.0,0.140792,Sometimes,Public_Transportation,Obesity_Type_III,41.3854553702373,Obesity_Type_III,clustering_override,0.9994803,8.532407e-05,0.00011295574,0.9994803,0.00017354793,0.00014788104
19.262934,Female,1.741014,132.57927,Sometimes,yes,3.0,3.0,no,no,2.436261,yes,1.464674,0.87092,Sometimes,Public_Transportation,Obesity_Type_III,43.73922629966783,Obesity_Type_III,clustering_override,0.99889046,0.00012820869,0.00012447785,0.99889046,0.00027486662,0.0005820047
26.699317,Male,1.839941,119.956651,Sometimes,yes,2.244654,3.0,no,no,2.795752,yes,0.839481,0.0,Sometimes,Public_Transportation,Obesity_Type_II,35.433702812562004,Obesity_Type_II,clustering_override_stage2,0.9989532,0.00010805751,0.000105194995,0.9989532,0.00018025539,0.0006532441
30.304203,Male,1.703202,103.0344,no,yes,2.754645,2.175432,no,no,1.541733,yes,0.358709,1.0739,Sometimes,Public_Transportation,Obesity_Type_II,35.51811668063408,Obesity_Type_I,classifier,0.9987632,0.0001106112,7.7993216e-05,0.9987632,0.00014739872,0.0009008031
28.977792,Female,1.7,78.0,Frequently,yes,3.0,3.0,no,no,1.507638,yes,1.82434,1.0,Sometimes,Automobile,Overweight_Level_II,26.989619377162633,Overweight_Level_II,classifier,0.98875076,0.0004784408,0.00052895525,0.000550219,0.009691661,0.98875076
25.96773,Female,1.603404,105.031908,Sometimes,yes,3.0,3.0,no,no,1.919473,yes,0.027101,0.546137,Sometimes,Public_Transportation,Obesity_Type_III,40.854070078326686,Obesity_Type_III,clustering_override,0.999461,8.9549576e-05,6.1592385e-05,0.999461,0.0001700291,0.00021789112
18.0,Female,1.7,50.0,Sometimes,no,2.0,3.0,no,no,2.0,no,0.0,1.0,Sometimes,Walking,Insufficient_Weight,17.301038062283737,Insufficient_Weight,classifier,0.9952077,0.9952077,0.0032902218,0.00023128856,0.00080448046,0.00046627564
26.011928,Male,1.777251,106.452367,Sometimes,yes,3.0,3.0,no,no,1.911379,yes,1.911096,1.032392,Sometimes,Public_Transportation,Obesity_Type_I,33.7021640319662,Obesity_Type_I,classifier,0.998949,0.000115088675,0.00013597694,0.998949,0.00015702128,0.000642938
18.88485,Male,1.699667,79.67793,no,no,2.735297,2.157164,no,no,1.087166,yes,0.110174,0.003695,Sometimes,Public_Transportation,Overweight_Level_II,27.581022205851035,Overweight_Level_II,classifier,0.9974009,0.00027899264,0.00018742651,0.00032570824,0.0018069752,0.9974009
24.417552,Male,1.774775,117.398976,Sometimes,yes,2.23372,2.993634,no,no,2.028368,yes,0.863158,0.449886,Sometimes,Public_Transportation,Obesity_Type_II,37.271571444020665,Obesity_Type_II,clustering_override_stage2,0.99892336,9.844686e-05,6.920501e-05,0.99892336,0.00015352338,0.00075546966
19.0,Male,1.85,115.0,no,no,2.0,3.0,yes,no,3.0,no,1.0,2.0,Sometimes,Public_Transportation,Obesity_Type_I,33.60116873630387,Obesity_Type_II,clustering_override_stage2,0.9974746,0.000143197,0.00032605557,0.9974746,0.00054801436,0.0015081143
26.0,Female,1.608283,105.359688,Sometimes,yes,3.0,3.0,no,no,2.476002,yes,0.0,0.546345,Sometimes,Public_Transportation,Obesity_Type_III,40.73329412723146,Obesity_Type_III,clustering_override,0.9994357,8.532027e-05,0.000115302,0.9994357,0.00015766785,0.00020601097
21.709159,Male,1.658393,80.0,no,yes,2.0,3.0,no,no,2.0,yes,2.939733,1.692287,Sometimes,Public_Transportation,Overweight_Level_II,29.088081280405014,Overweight_Level_II,classifier,0.9979036,0.00023266385,0.0006008499,0.0007324414,0.0005304308,0.9979036
29.891473,Male,1.76003,112.409191,Sometimes,yes,2.262292,3.0,no,no,2.115354,yes,0.0,0.847587,Sometimes,Automobile,Obesity_Type_II,36.28788706303818,Obesity_Type_II,clustering_override_stage2,0.9987973,9.833048e-05,0.00011797542,0.9987973,0.00025880107,0.00072758284
25.96701,Female,1.654875,104.758713,Sometimes,yes,3.0,3.0,no,no,2.612758,yes,0.24629,0.802136,Sometimes,Public_Transportation,Obesity_Type_III,38.25249472786791,Obesity_Type_III,clustering_override,0.9994742,8.5306056e-05,5.873426e-05,0.9994742,0.00016606138,0.00021565058
30.899219,Male,1.909639,129.013178,Sometimes,yes,2.22259,3.0,no,yes,1.591909,yes,1.392026,0.917727,Sometimes,Public_Transportation,Obesity_Type_II,35.37785701101878,Obesity_Type_II,clustering_override_stage2,0.99858344,0.00014022632,0.00011806202,0.99858344,0.00026012005,0.0008981398
21.106056,Female,1.722884,92.949254,Sometimes,yes,1.164062,3.0,no,no,1.157395,yes,0.0,0.320851,Sometimes,Public_Transportation,Obesity_Type_I,31.313660080077753,Obesity_Type_I,classifier,0.9983981,0.000107748914,0.00019922356,0.9983981,0.0005114009,0.0007834502
22.867719,Female,1.655413,50.424661,no,yes,3.0,3.642802,no,no,1.995177,yes,0.118271,0.065515,Frequently,Public_Transportation,Insufficient_Weight,18.40052711780821,Insufficient_Weight,classifier,0.9969522,0.9969522,0.0018398738,0.00038521778,0.0005029532,0.00031971117
22.524036,Female,1.752206,133.689352,Sometimes,yes,3.0,3.0,no,no,2.054193,yes,1.414209,0.646288,Sometimes,Public_Transportation,Obesity_Type_III,43.54381658414929,Obesity_Type_III,clustering_override,0.9990232,0.00011569148,0.00010407612,0.9990232,0.00021584764,0.000541199
22.658572,Male,1.784994,113.714521,Sometimes,yes,1.760038,3.0,no,no,2.003531,yes,1.089061,0.072264,Sometimes,Public_Transportation,Obesity_Type_II,35.68965954106272,Obesity_Type_II,clustering_override_stage2,0.9989675,8.014865e-05,0.00013962705,0.9989675,0.00022326538,0.0005894577
20.590046,Female,1.736276,130.927138,Sometimes,yes,3.0,3.0,no,no,1.852692,yes,1.46361,0.962336,Sometimes,Public_Transportation,Obesity_Type_III,43.430232085883006,Obesity_Type_III,clustering_override,0.9988293,0.00012897588,0.00012497958,0.9988293,0.00027000788,0.00064669555
37.056193,Male,1.75015,118.206565,Sometimes,yes,2.09283,3.0,no,no,2.077704,yes,0.598655,0.0,Sometimes,Automobile,Obesity_Type_II,38.59144608081633,Obesity_Type_II,clustering_override_stage2,0.99857306,0.00010476019,9.389111e-05,0.99857306,0.00034182816,0.00088649103
29.791101,Male,1.703317,102.592171,no,yes,2.654792,1.077331,no,no,1.345407,yes,0.327418,0.386861,Sometimes,Public_Transportation,Obesity_Type_II,35.36089578948043,Obesity_Type_I,classifier,0.9988821,0.00010401916,6.7784036e-05,0.9988821,0.0001548179,0.00079129677
18.120739,Female,1.807576,152.567671,Sometimes,yes,3.0,3.0,no,no,2.164718,yes,1.999631,0.941336,Sometimes,Public_Transportation,Obesity_Type_III,46.69489292552215,Obesity_Type_III,clustering_override,0.9986507,0.00016711894,0.00018582561,0.9986507,0.00036339214,0.00063299853
21.962426,Male,1.696336,75.0,Sometimes,yes,2.0,3.0,no,no,1.825629,yes,0.699592,0.142056,Sometimes,Public_Transportation,Overweight_Level_I,26.063786269971196,Overweight_Level_I,classifier,0.9989955,0.00016178425,0.00021569268,0.00023618329,0.9989955,0.00039082533
17.099015,Female,1.6,65.0,Sometimes,yes,3.0,2.401341,yes,no,2.0,yes,0.663896,1.753745,Sometimes,Public_Transportation,Overweight_Level_I,25.390624999999996,Overweight_Level_I,classifier,0.99888295,0.00031458668,0.00024167537,0.0002577567,0.99888295,0.0003030346
21.0,Male,1.714253,75.0,Sometimes,yes,2.0,3.0,no,no,1.081597,yes,1.0,0.0,Sometimes,Public_Transportation,Overweight_Level_I,25.52180740635497,Overweight_Level_I,classifier,0.99818796,0.0001967012,0.0008697503,0.00027253476,0.99818796,0.00047307528
21.6548,Male,1.755938,116.311962,Sometimes,yes,1.800122,3.0,no,no,2.0,yes,1.689525,0.764452,Sometimes,Public_Transportation,Obesity_Type_II,37.72298290280445,Obesity_Type_II,clustering_override_stage2,0.9988286,7.9440884e-05,0.0001446128,0.9988286,0.00023485738,0.00071251206
18.0,Female,1.62,55.0,no,yes,2.0,3.0,no,no,1.0,yes,1.0,1.0,Frequently,Public_Transportation,Normal_Weight,20.957171162932475,Normal_Weight,classifier,0.9991678,0.00020480054,0.9991678,0.00014728823,0.0003018546,0.00017823133
26.220065,Female,1.560258,78.435904,Sometimes,yes,2.108163,1.231915,no,no,1.808127,yes,0.0,0.0,Sometimes,Automobile,Obesity_Type_I,32.219742871097765,Obesity_Type_I,classifier,0.9987331,0.000121663215,0.00018988516,0.9987331,0.0005947194,0.00036067358
23.454558,Male,1.754218,117.384745,Sometimes,yes,1.617093,3.0,no,no,2.0,yes,1.818052,0.631825,Sometimes,Public_Transportation,Obesity_Type_II,38.14560742176085,Obesity_Type_II,clustering_override_stage2,0.9988067,7.9708545e-05,0.0001449797,0.9988067,0.00021139816,0.00075723475
19.297004,Female,1.817271,141.917802,Sometimes,yes,3.0,3.0,no,no,2.699675,yes,1.520818,0.76399,Sometimes,Public_Transportation,Obesity_Type_III,42.97317914903132,Obesity_Type_III,clustering_override,0.9989285,0.00013519522,0.00014085886,0.9989285,0.00030851518,0.00048696628
26.0,Female,1.637725,111.208963,Sometimes,yes,3.0,3.0,no,no,2.70914,yes,0.0,0.110518,Sometimes,Public_Transportation,Obesity_Type_III,41.46272429102737,Obesity_Type_III,clustering_override,0.99947876,8.532394e-05,0.00011632664,0.99947876,0.00016683646,0.00015283602
20.978166,Female,1.721057,132.054793,Sometimes,yes,3.0,3.0,no,no,1.678791,yes,1.68249,0.818871,Sometimes,Public_Transportation,Obesity_Type_III,44.58242223380794,Obesity_Type_III,clustering_override,0.99894696,0.00012519937,0.0001213202,0.99894696,0.00026153607,0.0005449877
26.050109,Male,1.773115,115.089316,Sometimes,yes,2.392179,3.0,no,no,2.16467,yes,1.079934,1.073026,Sometimes,Public_Transportation,Obesity_Type_II,36.6067523628157,Obesity_Type_II,clustering_override_stage2,0.99895716,0.00010482087,9.966095e-05,0.99895716,0.00014538234,0.000692939
29.246269,Male,1.758038,112.395309,Sometimes,yes,2.323003,3.0,no,no,2.155558,yes,0.0,1.251554,Sometimes,Automobile,Obesity_Type_II,36.36567636269642,Obesity_Type_II,clustering_override_stage2,0.9987721,0.000102941856,0.00012661617,0.9987721,0.00026043557,0.00073790253
19.0,Female,1.53161,42.0,Sometimes,yes,2.749268,1.394539,no,no,1.322048,no,0.463949,0.800993,Frequently,Public_Transportation,Insufficient_Weight,17.90411686470717,Insufficient_Weight,classifier,0.9993575,0.9993575,0.0001534936,9.182819e-05,0.0003078302,8.935247e-05
25.653233,Female,1.65757,109.931233,Sometimes,yes,3.0,3.0,no,no,1.610472,yes,0.029728,0.472343,Sometimes,Public_Transportation,Obesity_Type_III,40.01080996903557,Obesity_Type_III,clustering_override,0.99945,8.7028784e-05,5.9674418e-05,0.99945,0.00017842201,0.00022483978
30.403205,Male,1.696365,102.815983,no,yes,2.79166,2.13229,no,no,1.254589,yes,0.652736,1.040713,Sometimes,Public_Transportation,Obesity_Type_II,35.729095777902266,Obesity_Type_I,classifier,0.99838316,0.000105313986,7.425809e-05,0.99838316,0.00013508907,0.0013022358
23.812795,Male,1.767121,116.164351,Sometimes,yes,1.655684,3.0,no,no,2.0,yes,0.976425,0.690082,Sometimes,Public_Transportation,Obesity_Type_II,37.199773407090895,Obesity_Type_II,clustering_override_stage2,0.99879813,7.223979e-05,8.503692e-05,0.99879813,0.00017005704,0.0008745047
31.783845,Male,1.75,120.0,Sometimes,yes,2.941627,3.0,no,no,2.318134,yes,0.582686,1.588046,Sometimes,Automobile,Obesity_Type_II,39.183673469387756,Obesity_Type_II,clustering_override_stage2,0.9986185,0.000107055836,7.227392e-05,0.9986185,0.00027388055,0.0009282448
42.189023,Female,1.647768,79.165306,no,yes,2.0,3.0,no,no,1.0,yes,0.0,1.48189,Sometimes,Automobile,Overweight_Level_II,29.156995228295663,Overweight_Level_II,classifier,0.98598236,0.000929513,0.0019697524,0.00491778,0.006200572,0.98598236
19.0,Male,1.85,65.0,Sometimes,no,2.0,3.0,no,no,3.0,yes,2.0,1.0,Sometimes,Bike,Normal_Weight,18.991964937910883,Normal_Weight,classifier,0.9960271,0.0019555318,0.9960271,0.00031794657,0.00069796416,0.0010014256
26.0,Female,1.62439,110.008636,Sometimes,yes,3.0,3.0,no,no,2.507461,yes,0.0,0.368472,Sometimes,Public_Transportation,Obesity_Type_III,41.69136989442156,Obesity_Type_III,clustering_override,0.9994947,8.53253e-05,0.0001163285,0.9994947,0.00016537523,0.00013828468
20.951084,Female,1.708581,131.274851,Sometimes,yes,3.0,3.0,no,no,1.796956,yes,1.684582,0.887388,Sometimes,Public_Transportation,Obesity_Type_III,44.96870581810777,Obesity_Type_III,clustering_override,0.9989675,0.00012342427,0.00011911711,0.9989675,0.0002454669,0.00054450484
26.490926,Male,1.872517,120.898397,Sometimes,yes,2.443538,3.0,no,no,2.939492,yes,1.208142,0.738935,Sometimes,Public_Transportation,Obesity_Type_II,34.48013869836382,Obesity_Type_II,clustering_override_stage2,0.9987974,0.00013076524,0.00010537195,0.9987974,0.00020019668,0.00076622417
19.029494,Female,1.573987,44.316254,Sometimes,no,2.984004,3.0,yes,no,1.015249,no,1.327833,0.0,Frequently,Public_Transportation,Insufficient_Weight,17.887957761754453,Insufficient_Weight,classifier,0.9988876,0.9988876,0.00054635404,8.2845276e-05,0.00027942957,0.00020382978
21.322097,Female,1.751118,149.291106,Sometimes,yes,3.0,3.0,no,no,2.309409,yes,1.68291,0.70558,Sometimes,Public_Transportation,Obesity_Type_III,48.68588971750968,Obesity_Type_III,clustering_override,0.99904794,0.00011625355,0.00011188933,0.99904794,0.00023999099,0.00048392417
18.306615,Female,1.7456,133.03441,Sometimes,yes,3.0,3.0,no,no,2.984323,yes,1.586525,0.62535,Sometimes,Public_Transportation,Obesity_Type_III,43.65907412304322,Obesity_Type_III,clustering_override,0.9987312,0.00015232112,0.00014788877,0.9987312,0.00034464966,0.00062394625
21.963787,Male,1.849601,122.333425,Sometimes,yes,3.0,2.218285,no,no,1.340117,yes,0.428259,0.0,Sometimes,Public_Transportation,Obesity_Type_II,35.759301903428316,Obesity_Type_II,clustering_override_stage2,0.99881554,0.00014108355,0.0001656842,0.99881554,0.0002472448,0.00063041976
25.0,Female,1.61,61.0,Sometimes,no,2.0,3.0,no,no,1.0,no,2.0,1.0,Sometimes,Public_Transportation,Normal_Weight,23.533042706685695,Normal_Weight,classifier,0.9990957,0.00010461488,0.9990957,0.00013219743,0.0003920186,0.00027549133
30.71516,Male,1.650189,101.141277,no,yes,2.913452,2.269799,no,no,1.0,yes,1.889937,0.378818,Sometimes,Public_Transportation,Obesity_Type_II,37.141638359382476,Obesity_Type_I,classifier,0.99935955,8.955586e-05,0.00010070285,0.99935955,0.00013353702,0.00031669202
32.0,Male,1.75,120.0,no,no,3.0,3.0,no,no,3.0,yes,0.0,2.0,Sometimes,Automobile,Obesity_Type_II,39.183673469387756,Obesity_Type_II,clustering_override_stage2,0.99804795,0.000134513,0.00021316737,0.99804795,0.00026166503,0.0013426559
25.834018,Female,1.62456,110.10589,Sometimes,yes,3.0,3.0,no,no,1.81786,yes,0.011161,0.447224,Sometimes,Public_Transportation,Obesity_Type_III,41.71949474105014,Obesity_Type_III,clustering_override,0.9994831,8.661477e-05,5.9791124e-05,0.9994831,0.00016247272,0.00020804332
18.729566,Male,1.855433,112.875283,Sometimes,yes,2.0,2.427137,no,no,2.574073,yes,1.0,2.0,Sometimes,Public_Transportation,Obesity_Type_I,32.78749966350724,Obesity_Type_II,clustering_override_stage2,0.99836904,0.00012345599,0.00018078419,0.99836904,0.0002919369,0.0010347911
19.0,Male,1.88,79.0,Sometimes,no,2.0,3.0,no,no,3.0,no,3.0,0.0,Sometimes,Automobile,Normal_Weight,22.351742870076958,Normal_Weight,classifier,0.99725807,0.00024669242,0.99725807,0.0003050038,0.0015266358,0.00066358567
19.0,Female,1.63,76.0,Sometimes,no,3.0,3.0,no,yes,3.0,yes,2.0,1.0,Frequently,Automobile,Overweight_Level_II,28.604764951635367,Overweight_Level_II,classifier,0.9964044,0.0004834051,0.0008361445,0.0008780563,0.0013979583,0.9964044
39.0,Male,1.79,90.0,Sometimes,no,2.0,1.0,no,no,2.0,no,0.0,0.0,Sometimes,Public_Transportation,Overweight_Level_II,28.089010954714272,Overweight_Level_II,classifier,0.99348044,0.0004858011,0.0017078286,0.0020137844,0.0023121645,0.99348044
37.084742,Male,1.75,118.07381,Sometimes,yes,2.133964,3.0,no,no,2.008361,yes,0.202029,0.200516,Sometimes,Automobile,Obesity_Type_II,38.55471346938776,Obesity_Type_II,clustering_override_stage2,0.9987141,0.00010953559,6.994791e-05,0.9987141,0.0004137944,0.0006925867
20.796266,Female,1.796538,152.473675,Sometimes,yes,3.0,3.0,no,no,2.322003,yes,0.886602,0.843283,Sometimes,Public_Transportation,Obesity_Type_III,47.24132310180553,Obesity_Type_III,clustering_override,0.9989967,0.000119100136,8.6570624e-05,0.9989967,0.0002455876,0.00055210176
22.39251,Female,1.65563,121.205171,Sometimes,yes,3.0,3.0,no,no,1.347559,yes,0.462951,0.31794,Sometimes,Public_Transportation,Obesity_Type_III,44.21753967728279,Obesity_Type_III,clustering_override,0.9994593,9.392238e-05,6.3411215e-05,0.9994593,0.00022061546,0.00016267535
26.0,Female,1.594776,110.640929,Sometimes,yes,3.0,3.0,no,no,2.639816,yes,0.0,0.452236,Sometimes,Public_Transportation,Obesity_Type_III,43.502721915932305,Obesity_Type_III,clustering_override,0.9994253,8.821225e-05,0.00011921023,0.9994253,0.00016104551,0.00020627638
18.147705,Female,1.802257,149.935848,Sometimes,yes,3.0,3.0,no,no,2.181811,yes,1.995582,0.939665,Sometimes,Public_Transportation,Obesity_Type_III,46.16066303580928,Obesity_Type_III,clustering_override,0.9986507,0.00016711894,0.00018582561,0.9986507,0.00036339214,0.00063299853
21.845025,Female,1.613668,68.126955,Sometimes,yes,1.758394,3.981997,no,no,2.174248,yes,0.920476,1.358163,Sometimes,Public_Transportation,Overweight_Level_I,26.163184548620098,Overweight_Level_I,classifier,0.99940276,0.00013438893,0.00011781255,0.00014655187,0.99940276,0.00019850642
29.721964,Male,1.918859,129.991623,Sometimes,yes,2.041376,3.0,no,no,1.120213,yes,1.05545,0.0,Sometimes,Public_Transportation,Obesity_Type_II,35.30443285919494,Obesity_Type_II,clustering_override_stage2,0.99862385,0.00010375372,0.00015410375,0.99862385,0.0002516206,0.0008666927
20.418832,Male,1.836669,105.257543,no,yes,2.0,3.0,no,no,2.793505,yes,2.21939,0.202902,Sometimes,Public_Transportation,Obesity_Type_I,31.202646895968375,Obesity_Type_I,classifier,0.9990127,8.506825e-05,0.00018344188,0.9990127,0.000254781,0.0004640073
25.565662,Female,1.642392,104.988082,Sometimes,yes,3.0,3.0,no,no,1.204055,yes,0.094851,0.603736,Sometimes,Public_Transportation,Obesity_Type_III,38.92121237903975,Obesity_Type_III,clustering_override,0.99944645,8.842368e-05,6.0692484e-05,0.99944645,0.00019158055,0.00021284404
25.047945,Male,1.803207,118.332966,Sometimes,yes,1.431346,3.0,no,no,2.098959,yes,1.110868,0.196952,Sometimes,Public_Transportation,Obesity_Type_II,36.392725435990926,Obesity_Type_II,clustering_override_stage2,0.99900573,8.121052e-05,0.00012707237,0.99900573,0.00022765067,0.00055831944
31.010302,Male,1.764166,119.373019,Sometimes,yes,2.970983,3.0,no,no,2.828861,yes,0.454944,1.915818,Sometimes,Automobile,Obesity_Type_II,38.35546761000493,Obesity_Type_II,clustering_override_stage2,0.99872667,0.00010873006,7.228175e-05,0.99872667,0.0002631638,0.00082915474
31.689773,Male,1.76569,120.082941,Sometimes,yes,2.821727,3.0,no,no,2.173279,yes,1.096556,0.232858,Sometimes,Automobile,Obesity_Type_II,38.51699534271273,Obesity_Type_II,clustering_override_stage2,0.99897027,0.00010582255,8.688147e-05,0.99897027,0.00030915014,0.0005279061
30.717727,Male,1.76714,120.344402,Sometimes,yes,2.117121,3.0,no,no,2.193008,yes,0.992829,1.556052,Sometimes,Automobile,Obesity_Type_II,38.537539097700524,Obesity_Type_II,clustering_override_stage2,0.9986279,0.00010514108,7.2460316e-05,0.9986279,0.00025352862,0.00094095094
19.0,Male,1.8,85.0,Sometimes,yes,3.0,3.0,no,no,2.0,yes,1.0,1.0,Sometimes,Walking,Overweight_Level_I,26.234567901234566,Overweight_Level_I,classifier,0.9909636,0.0006554327,0.0011347532,0.0007399609,0.9909636,0.0065062772
38.097395,Female,1.696954,78.156035,no,yes,3.0,3.0,no,no,2.166024,yes,0.0,0.0,Sometimes,Automobile,Overweight_Level_II,27.140783388841374,Overweight_Level_II,classifier,0.99049383,0.0004983492,0.0007917846,0.0007747492,0.0074413423,0.99049383
26.0,Male,1.72,65.0,Sometimes,yes,2.0,3.0,no,no,2.0,yes,0.0,1.0,Sometimes,Walking,Normal_Weight,21.971335857220122,Normal_Weight,classifier,0.99866056,0.00011704487,0.99866056,0.00017654432,0.0006794444,0.00036642564
30.0,Female,1.65,71.0,Sometimes,yes,2.0,3.0,no,no,1.0,yes,0.0,0.0,Sometimes,Public_Transportation,Overweight_Level_I,26.07897153351699,Overweight_Level_I,classifier,0.9981945,0.00016365664,0.0011269276,0.00028612238,0.9981945,0.00022875605
20.848608,Female,1.726606,131.76807,Sometimes,yes,3.0,3.0,no,no,1.759352,yes,1.469928,0.950438,Sometimes,Public_Transportation,Obesity_Type_III,44.20014492901048,Obesity_Type_III,clustering_override,0.9988374,0.00012897693,0.00012498058,0.9988374,0.00026211186,0.0006464967
19.0,Female,1.6,60.0,Sometimes,yes,2.0,3.0,no,no,2.0,no,0.0,1.0,Frequently,Public_Transportation,Normal_Weight,23.437499999999996,Normal_Weight,classifier,0.99825543,0.00019127196,0.99825543,0.00016635598,0.0012489449,0.00013803237
25.300208,Male,1.765258,114.330023,Sometimes,yes,1.562804,3.0,no,no,2.075493,yes,1.553734,0.000436,Sometimes,Public_Transportation,Obesity_Type_II,36.68967917225204,Obesity_Type_II,clustering_override_stage2,0.9989436,7.6316195e-05,0.00016937108,0.9989436,0.00021626623,0.0005944378
25.526746,Male,1.783381,115.347176,Sometimes,yes,2.191429,3.0,no,no,2.102709,yes,1.32534,0.380979,Sometimes,Public_Transportation,Obesity_Type_II,36.267589840829714,Obesity_Type_II,clustering_override_stage2,0.99921405,0.00010209487,9.871245e-05,0.99921405,0.00016276825,0.00042239434
25.659092,Male,1.84842,117.631707,Sometimes,yes,2.128574,3.0,no,no,2.531984,yes,1.003294,0.026575,Sometimes,Public_Transportation,Obesity_Type_II,34.428894775914415,Obesity_Type_II,clustering_override_stage2,0.99889576,0.00012125523,0.00011478069,0.99889576,0.00019378711,0.00067438616
22.0,Male,1.61,67.0,Sometimes,no,2.0,4.0,yes,no,3.0,yes,2.0,2.0,Sometimes,Public_Transportation,Overweight_Level_I,25.847768218818715,Overweight_Level_I,classifier,0.9777323,0.0019787317,0.007207108,0.0021470943,0.9777323,0.010934706
19.741202,Male,1.816783,86.522799,Sometimes,yes,2.0,3.0,no,no,2.177386,yes,0.336814,0.004813,Sometimes,Public_Transportation,Overweight_Level_I,26.213465841655264,Overweight_Level_I,classifier,0.99805045,0.00021422806,0.0002608017,0.0004901611,0.99805045,0.0009843976
21.030909,Female,1.71818,133.466763,Sometimes,yes,3.0,3.0,no,no,1.517215,yes,1.486289,0.937492,Sometimes,Public_Transportation,Obesity_Type_III,45.210135499690246,Obesity_Type_III,clustering_override,0.9989017,0.00012788166,0.00012006017,0.9989017,0.00026419724,0.0005860858
23.0,Male,1.75,120.0,Sometimes,yes,2.0,3.0,no,yes,2.0,yes,2.0,1.0,Sometimes,Public_Transportation,Obesity_Type_II,39.183673469387756,Obesity_Type_II,clustering_override_stage2,0.99884987,7.4814314e-05,0.00020910021,0.99884987,0.00016646345,0.00069972465
28.712995,Male,1.665585,98.66176,no,yes,2.95801,2.834253,no,no,1.0,yes,1.999886,0.0,Sometimes,Public_Transportation,Obesity_Type_II,35.56438118702784,Obesity_Type_I,classifier,0.99919754,9.3602466e-05,0.00014429557,0.99919754,0.000121966244,0.00044257264
25.930376,Female,1.608808,102.083964,Sometimes,yes,3.0,3.0,no,no,1.019684,yes,0.026033,1.0,Sometimes,Public_Transportation,Obesity_Type_III,39.44110659022042,Obesity_Type_III,clustering_override,0.99940133,9.280117e-05,8.4067855e-05,0.99940133,0.00017619673,0.00024557303
21.772251,Female,1.732951,132.904884,Sometimes,yes,3.0,3.0,no,no,1.817899,yes,1.577824,0.930836,Sometimes,Public_Transportation,Obesity_Type_III,44.255614428635795,Obesity_Type_III,clustering_override,0.99894065,0.00012486982,0.00011723244,0.99894065,0.00026155385,0.0005556891
21.131526,Female,1.739457,150.37757,Sometimes,yes,3.0,3.0,no,no,2.319912,yes,1.582675,0.680746,Sometimes,Public_Transportation,Obesity_Type_III,49.69991752483176,Obesity_Type_III,clustering_override,0.9990447,0.00011625317,0.00010862713,0.9990447,0.00023788403,0.00049244415
35.719457,Male,1.685947,83.3258,no,yes,2.0,1.009426,no,no,2.136398,yes,1.060349,0.0,Sometimes,Automobile,Overweight_Level_II,29.31511864450576,Overweight_Level_II,classifier,0.9989341,0.00011554202,0.0002060109,0.00039857932,0.00034571902,0.9989341
31.571392,Male,1.767485,120.158049,Sometimes,yes,2.57691,3.0,no,no,2.080187,yes,1.04268,0.376683,Sometimes,Automobile,Obesity_Type_II,38.462844093685554,Obesity_Type_II,clustering_override_stage2,0.9989146,0.000110074834,9.037273e-05,0.9989146,0.0003092034,0.00057571614
55.24625,Male,1.769269,80.491339,no,yes,2.0,3.0,no,no,2.0,no,1.0,0.0,Sometimes,Automobile,Overweight_Level_II,25.713513085656647,Overweight_Level_I,classifier,0.9959698,0.0003663896,0.0008194737,0.000747149,0.9959698,0.0020972423
21.455463,Female,1.611,68.107866,Sometimes,yes,1.977298,3.554974,no,no,2.217957,yes,0.97812,0.459759,no,Public_Transportation,Overweight_Level_I,26.24255959089454,Overweight_Level_I,classifier,0.9990656,0.00013522022,0.00011941703,0.00015462351,0.9990656,0.0005251314
20.190733,Female,1.680762,125.418548,Sometimes,yes,3.0,3.0,no,no,1.124366,yes,0.877067,0.552006,Sometimes,Public_Transportation,Obesity_Type_III,44.396560664400205,Obesity_Type_III,clustering_override,0.99906,0.00010789069,7.774871e-05,0.99906,0.00023693877,0.00051743496
21.572114,Female,1.751067,133.845064,Sometimes,yes,3.0,3.0,no,no,2.748569,yes,1.427037,0.902825,Sometimes,Public_Transportation,Obesity_Type_III,43.651264866896234,Obesity_Type_III,clustering_override,0.9990307,0.00011625154,0.00011069709,0.9990307,0.00023108511,0.00051129854
26.0,Female,1.656465,111.949972,Sometimes,yes,3.0,3.0,no,no,2.784303,yes,0.0,0.127775,Sometimes,Public_Transportation,Obesity_Type_III,40.799934076481414,Obesity_Type_III,clustering_override,0.99946135,8.573306e-05,0.000113951064,0.99946135,0.00017127351,0.0001677058
28.363149,Male,1.793476,112.725005,Sometimes,yes,1.99124,3.0,no,no,2.0,yes,0.0,0.292956,Sometimes,Public_Transportation,Obesity_Type_II,35.04524693569268,Obesity_Type_II,clustering_override_stage2,0.99906164,7.137608e-05,0.0001502704,0.99906164,0.00019311153,0.00052360934
26.684354,Male,1.819535,118.332689,Sometimes,yes,1.975675,3.0,no,no,2.357969,yes,0.704236,0.010721,Sometimes,Public_Transportation,Obesity_Type_II,35.74241603821471,Obesity_Type_II,clustering_override_stage2,0.99895895,7.10327e-05,7.651625e-05,0.99895895,0.00020262948,0.00069085014
22.944349,Male,1.799742,89.98168,Sometimes,yes,1.34138,1.94671,no,no,2.0,yes,0.0,0.975504,Sometimes,Public_Transportation,Overweight_Level_II,27.780086510863462,Overweight_Level_II,classifier,0.99787164,0.00017614698,0.0003879201,0.00051460386,0.0010496737,0.99787164
33.0,Male,1.85,93.0,Sometimes,yes,2.0,3.0,no,no,1.0,yes,1.0,1.0,Sometimes,Walking,Overweight_Level_II,27.173119065010955,Overweight_Level_II,classifier,0.9942419,0.00021647794,0.0005620824,0.0005682304,0.004411286,0.9942419
25.140074,Male,1.829529,120.996581,Sometimes,yes,3.0,3.0,no,no,3.0,yes,1.467863,0.343635,Sometimes,Public_Transportation,Obesity_Type_II,36.148851425758146,Obesity_Type_II,clustering_override_stage2,0.99913895,0.000115277544,0.00014403662,0.99913895,0.0001879864,0.00041375533
25.994949,Female,1.593321,110.168166,Sometimes,yes,3.0,3.0,no,no,2.447306,yes,0.000454,0.486558,Sometimes,Public_Transportation,Obesity_Type_III,43.39598588823372,Obesity_Type_III,clustering_override,0.9994166,8.8211484e-05,0.000119209195,0.9994166,0.00016104411,0.00021496405
32.707653,Male,1.695347,102.810704,no,yes,2.795086,2.129909,no,no,1.0,yes,1.989316,0.0,Sometimes,Public_Transportation,Obesity_Type_II,35.770180265329,Obesity_Type_I,classifier,0.9987884,0.00010096956,0.00014693689,0.9987884,0.00014829313,0.000815349
21.701643,Male,1.896073,90.52446,Sometimes,yes,2.427689,3.715306,no,no,2.876096,yes,1.815768,0.426465,Sometimes,Public_Transportation,Overweight_Level_I,25.180006330555823,Overweight_Level_I,classifier,0.9970554,0.0007371725,0.0004918373,0.00089854014,0.9970554,0.0008170821
18.744914,Female,1.801983,138.034526,Sometimes,yes,3.0,3.0,no,no,2.691591,yes,1.168368,0.735372,Sometimes,Public_Transportation,Obesity_Type_III,42.509534498563816,Obesity_Type_III,clustering_override,0.99865144,0.00016060268,0.00016060221,0.99865144,0.00034936744,0.0006780261
28.393111,Male,1.685462,99.540122,no,yes,2.774562,2.301129,no,no,1.0,yes,1.621733,0.138314,Sometimes,Public_Transportation,Obesity_Type_II,35.03968858693487,Obesity_Type_I,classifier,0.9988857,9.83767e-05,0.00010563533,0.9988857,0.00013822125,0.0007720512
26.0,Female,1.650125,111.939671,Sometimes,yes,3.0,3.0,no,no,2.770732,yes,0.0,0.125235,Sometimes,Public_Transportation,Obesity_Type_III,41.11027084331649,Obesity_Type_III,clustering_override,0.9994647,8.539364e-05,0.00011349983,0.9994647,0.00017219402,0.00016429003
25.470652,Female,1.680218,104.807284,Sometimes,yes,3.0,3.0,no,no,1.423073,yes,0.197993,0.763359,Sometimes,Public_Transportation,Obesity_Type_III,37.124464749063755,Obesity_Type_III,clustering_override,0.99916375,9.3321665e-05,6.3755506e-05,0.99916375,0.00019410491,0.00048507328
26.0,Female,1.622701,109.982692,Sometimes,yes,3.0,3.0,no,no,2.688229,yes,0.0,0.451377,Sometimes,Public_Transportation,Obesity_Type_III,41.76835178032716,Obesity_Type_III,clustering_override,0.9994487,8.532138e-05,0.00011572421,0.9994487,0.00015576762,0.00019446548
19.431662,Female,1.631662,82.0,no,yes,2.843456,2.937989,no,no,1.001995,yes,0.0,1.554404,Sometimes,Public_Transportation,Obesity_Type_I,30.800194126443678,Obesity_Type_I,classifier,0.9992286,0.00011408011,0.00017022836,0.9992286,0.00020877233,0.00027828332
25.01277,Male,1.788586,117.849351,Sometimes,yes,2.191108,2.993856,no,no,2.444917,yes,1.055854,0.145284,Sometimes,Public_Transportation,Obesity_Type_II,36.838975268495474,Obesity_Type_II,clustering_override_stage2,0.9990619,0.00010158898,9.4664436e-05,0.9990619,0.00016655515,0.0005752725
26.0,Female,1.600762,105.448264,Sometimes,yes,3.0,3.0,no,no,1.031354,yes,0.0,0.37465,Sometimes,Public_Transportation,Obesity_Type_III,41.151521966582955,Obesity_Type_III,clustering_override,0.9994313,9.359759e-05,0.00012635825,0.9994313,0.00019345696,0.00015526435
36.839761,Male,1.74285,106.421042,no,yes,2.541785,2.902639,no,no,1.0,yes,1.668961,0.0,Sometimes,Automobile,Obesity_Type_II,35.035432687048434,Obesity_Type_I,classifier,0.9987079,0.00011344796,0.00015345923,0.9987079,0.0002801143,0.0007450363
26.0,Female,1.65632,111.93301,Sometimes,yes,3.0,3.0,no,no,2.774014,yes,0.0,0.138418,Sometimes,Public_Transportation,Obesity_Type_III,40.80089507680683,Obesity_Type_III,clustering_override,0.99946684,8.5733525e-05,0.00011395169,0.99946684,0.00017127444,0.00016226922
26.607478,Male,1.793174,118.165082,Sometimes,yes,2.002076,3.0,no,no,2.338373,yes,0.897562,0.081156,Sometimes,Public_Transportation,Obesity_Type_II,36.748895795533244,Obesity_Type_II,clustering_override_stage2,0.99903274,6.837649e-05,6.90126e-05,0.99903274,0.00017079759,0.00065903715
24.361936,Female,1.73945,133.346641,Sometimes,yes,3.0,3.0,no,no,2.852339,yes,1.139107,0.586035,Sometimes,Public_Transportation,Obesity_Type_III,44.07153540333021,Obesity_Type_III,clustering_override,0.99905866,0.000107387554,9.57233e-05,0.99905866,0.00020040951,0.0005377667
31.36347,Male,1.869323,127.507411,Sometimes,yes,2.939727,3.0,no,yes,1.344122,yes,0.923428,1.432336,Sometimes,Public_Transportation,Obesity_Type_II,36.489400528525195,Obesity_Type_II,clustering_override_stage2,0.9984275,0.00014548883,9.7502445e-05,0.9984275,0.0002404963,0.0010890159
38.464538,Female,1.696423,78.967919,no,yes,3.0,3.0,no,no,2.981604,yes,0.0,0.0,Sometimes,Automobile,Overweight_Level_II,27.43989148122946,Overweight_Level_II,classifier,0.9942327,0.00037082043,0.00060298113,0.0005764891,0.0042169965,0.9942327
33.0,Male,1.76,66.5,Sometimes,no,2.0,3.0,no,no,2.0,no,3.0,1.0,Sometimes,Automobile,Normal_Weight,21.46823347107438,Normal_Weight,classifier,0.9955036,0.0003436956,0.9955036,0.00047694703,0.002407784,0.0012680376
21.140165,Female,1.713133,133.735889,Sometimes,yes,3.0,3.0,no,no,1.411365,yes,1.564618,0.910683,Sometimes,Public_Transportation,Obesity_Type_III,45.56861270379063,Obesity_Type_III,clustering_override,0.9989574,0.00012487192,0.00011723441,0.9989574,0.00026080752,0.0005396641
20.156664,Male,1.620109,103.393354,no,yes,2.766441,1.240424,no,no,1.413218,yes,0.165269,0.862587,Sometimes,Public_Transportation,Obesity_Type_II,39.39164836817944,Obesity_Type_I,classifier,0.9993961,9.575791e-05,6.756952e-05,0.9993961,0.00015386433,0.00028673414
38.112989,Male,1.766888,118.134898,Sometimes,yes,2.240757,2.911568,no,no,1.895876,yes,0.822186,0.0,Sometimes,Automobile,Obesity_Type_II,37.8407877079368,Obesity_Type_II,clustering_override_stage2,0.9985837,0.00010873689,9.59166e-05,0.9985837,0.0003819917,0.000829704
30.200946,Male,1.755926,112.289883,no,yes,2.317734,3.0,no,no,2.152736,yes,0.0,1.108145,Sometimes,Automobile,Obesity_Type_II,36.41901624169865,Obesity_Type_II,clustering_override_stage2,0.99870646,0.000106705746,0.00014018315,0.99870646,0.00021031043,0.00083632144
19.515324,Male,1.879144,112.932984,Sometimes,yes,2.0,2.152733,no,no,2.53369,yes,0.917563,1.285838,Sometimes,Public_Transportation,Obesity_Type_I,31.98163631203945,Obesity_Type_II,clustering_override_stage2,0.9986211,0.00010412614,0.00010325672,0.9986211,0.0002919012,0.00087962707
21.0,Male,1.617469,68.869791,Sometimes,yes,1.206276,3.0,no,no,2.406541,no,0.94984,0.479221,no,Public_Transportation,Overweight_Level_I,26.32430011094419,Overweight_Level_I,classifier,0.9987356,0.00015837043,0.00021804821,0.0001991938,0.9987356,0.0006888226
26.0,Female,1.641849,111.682693,Sometimes,yes,3.0,3.0,no,no,2.632253,yes,0.0,0.244205,Sometimes,Public_Transportation,Obesity_Type_III,41.430431065477926,Obesity_Type_III,clustering_override,0.9994955,8.532537e-05,0.00011295747,0.9994955,0.00017355056,0.00013264165
38.10894,Male,1.752863,119.201465,Sometimes,yes,2.499388,2.989791,no,no,1.959777,yes,0.6081,0.64676,Sometimes,Automobile,Obesity_Type_II,38.795883379494384,Obesity_Type_II,clustering_override_stage2,0.9984503,0.00011110201,6.877139e-05,0.9984503,0.00039496477,0.00097488315
21.501721,Female,1.809871,152.394739,Sometimes,yes,3.0,3.0,no,no,2.351207,yes,0.246831,0.91336,Sometimes,Public_Transportation,Obesity_Type_III,46.5237519878824,Obesity_Type_III,clustering_override,0.9990452,0.00011939206,9.0467765e-05,0.9990452,0.00024499436,0.0004999632
25.962949,Female,1.623812,109.996742,Sometimes,yes,3.0,3.0,no,no,2.395387,yes,0.000272,0.461532,Sometimes,Public_Transportation,Obesity_Type_III,41.7165446447255,Obesity_Type_III,clustering_override,0.9994405,8.532067e-05,0.000115723255,0.9994405,0.00015576633,0.00020265603
25.954995,Female,1.592529,102.874549,Sometimes,yes,3.0,3.0,no,no,1.074412,yes,0.006265,0.845633,Sometimes,Public_Transportation,Obesity_Type_III,40.5632967868826,Obesity_Type_III,clustering_override,0.99942124,9.312929e-05,6.43759e-05,0.99942124,0.00018628141,0.00023502542
22.0,Female,1.69,65.0,Sometimes,yes,2.0,3.0,no,no,2.0,yes,1.0,1.0,Sometimes,Public_Transportation,Normal_Weight,22.758306781975424,Normal_Weight,classifier,0.99860126,0.00013807071,0.99860126,0.00018352973,0.00070390105,0.00037319039
26.0,Female,1.610225,104.936381,Sometimes,yes,3.0,3.0,no,no,1.322004,yes,0.0,0.539876,Sometimes,Public_Transportation,Obesity_Type_III,40.47184024646214,Obesity_Type_III,clustering_override,0.99940145,8.8863504e-05,0.000119784934,0.99940145,0.00017686107,0.00021307795
26.0,Female,1.618867,110.777391,Sometimes,yes,3.0,3.0,no,no,2.618198,yes,0.0,0.380695,Sometimes,Public_Transportation,Obesity_Type_III,42.26966365363402,Obesity_Type_III,clustering_override,0.99950504,8.532619e-05,0.000116329706,0.99950504,0.00015593751,0.000137319
25.0,Female,1.63,93.0,no,no,3.0,4.0,no,no,1.0,no,2.0,0.0,Always,Public_Transportation,Obesity_Type_II,35.00319921713275,Obesity_Type_I,classifier,0.99802953,0.00016250757,0.0003063202,0.99802953,0.0005670754,0.0009345887
21.001969,Female,1.736215,132.145549,Sometimes,yes,3.0,3.0,no,no,1.657541,yes,1.672639,0.629285,Sometimes,Public_Transportation,Obesity_Type_III,43.83747503903697,Obesity_Type_III,clustering_override,0.9989592,0.00012520091,0.0001231972,0.9989592,0.00028519178,0.0005071817
20.184451,Male,1.701284,104.578255,no,yes,2.653721,1.265463,no,no,1.368457,yes,0.218356,0.768071,Sometimes,Public_Transportation,Obesity_Type_II,36.131646752346626,Obesity_Type_I,classifier,0.99889696,0.00011680872,8.17448e-05,0.99889696,0.00017059027,0.0007338469
30.870724,Male,1.670774,101.626189,no,yes,2.907744,3.990925,no,no,1.0,yes,1.99975,0.0,Sometimes,Public_Transportation,Obesity_Type_II,36.40577017797108,Obesity_Type_I,classifier,0.99892247,0.00012207252,0.00017104442,0.99892247,0.00029841744,0.00048606415
18.367481,Female,1.745644,133.665587,Sometimes,yes,3.0,3.0,no,no,2.900857,yes,1.508897,0.625371,Sometimes,Public_Transportation,Obesity_Type_III,43.864001718316715,Obesity_Type_III,clustering_override,0.9987213,0.00015231963,0.00014788732,0.9987213,0.00034464625,0.00063385244
21.700748,Female,1.789555,137.767787,Sometimes,yes,3.0,3.0,no,no,2.832659,yes,1.505775,0.923005,Sometimes,Public_Transportation,Obesity_Type_III,43.0187296337179,Obesity_Type_III,clustering_override,0.9991135,0.00011658427,0.00011215382,0.9991135,0.00021709058,0.00044070338
29.0,Female,1.6,56.0,Sometimes,no,2.0,3.0,no,no,1.0,yes,0.0,1.0,Frequently,Public_Transportation,Normal_Weight,21.874999999999996,Normal_Weight,classifier,0.99837035,0.00026764185,0.99837035,0.00024252357,0.00048733348,0.00063214824
21.529439,Female,1.592379,44.00945,no,no,3.0,1.612747,no,no,2.566629,no,1.190465,0.0,Frequently,Public_Transportation,Insufficient_Weight,17.35613653702205,Insufficient_Weight,classifier,0.9991227,0.9991227,0.000499255,8.526752e-05,0.0001317807,0.00016098769
27.0,Female,1.6,61.0,Sometimes,yes,3.0,3.0,no,no,2.0,no,0.0,0.0,Always,Automobile,Normal_Weight,23.828124999999996,Normal_Weight,classifier,0.9968274,0.00028860717,0.9968274,0.00023743123,0.0024779653,0.00016851722
24.0409,Male,1.603226,99.605527,no,yes,3.0,1.262831,no,no,1.0,yes,0.883171,1.382995,Sometimes,Public_Transportation,Obesity_Type_II,38.75198407155824,Obesity_Type_I,classifier,0.9992914,9.471292e-05,9.103624e-05,0.9992914,0.00010800176,0.00041476334
29.669219,Male,1.909188,129.19449,Sometimes,yes,2.432355,3.0,no,no,1.336526,yes,1.63812,0.090341,Sometimes,Public_Transportation,Obesity_Type_II,35.44431600755675,Obesity_Type_II,clustering_override_stage2,0.9988637,0.00014650913,0.00011630939,0.9988637,0.00029863245,0.0005748841
26.947786,Male,1.647807,99.592225,no,yes,2.935157,1.845858,no,no,1.0,yes,1.089891,0.715993,Sometimes,Public_Transportation,Obesity_Type_II,36.678599802531316,Obesity_Type_I,classifier,0.9992551,9.040129e-05,9.710638e-05,0.9992551,0.00011307396,0.0004442864
24.825398,Male,1.796332,120.901591,Sometimes,yes,2.195964,3.0,no,no,2.514872,yes,1.664722,0.127673,Sometimes,Public_Transportation,Obesity_Type_II,37.46785259229294,Obesity_Type_II,clustering_override_stage2,0.99917513,0.000102063255,9.9742894e-05,0.99917513,0.00018011876,0.00044286292
23.0,Female,1.48,60.0,Sometimes,yes,2.0,1.0,no,yes,1.0,yes,0.0,0.0,Sometimes,Public_Transportation,Overweight_Level_II,27.39225712198685,Overweight_Level_II,classifier_low_confidence,0.51466304,0.0035161527,0.031288184,0.0056502633,0.44488233,0.51466304
61.0,Female,1.65,66.0,Frequently,yes,3.0,3.0,no,no,2.0,no,1.0,1.0,Always,Public_Transportation,Normal_Weight,24.242424242424246,Normal_Weight,classifier,0.9808045,0.0007777348,0.9808045,0.0007082734,0.01686955,0.00083990913
38.692265,Female,1.548178,62.341438,Sometimes,yes,2.956671,2.965494,no,no,2.868132,yes,0.0,0.54925,Sometimes,Automobile,Overweight_Level_I,26.009681389594817,Overweight_Level_I,classifier,0.9990752,0.00021475398,0.000271818,0.00021236257,0.9990752,0.00022591504
18.0,Female,1.62,58.0,no,yes,3.0,3.0,no,no,1.0,no,0.0,2.0,Sometimes,Automobile,Normal_Weight,22.10028959000152,Normal_Weight,classifier,0.9978284,0.0004833544,0.9978284,0.00027912663,0.0011805408,0.00022854921
39.0,Male,1.78,96.0,Frequently,no,2.0,3.0,no,no,3.0,yes,1.0,0.0,Sometimes,Automobile,Obesity_Type_I,30.299204645878046,Obesity_Type_I,classifier_low_confidence,0.9240971,0.00028797274,0.0005779987,0.9240971,0.0010635292,0.07397343
18.13782,Female,1.819728,151.278532,Sometimes,yes,3.0,3.0,no,no,2.155926,yes,1.999836,0.94603,Sometimes,Public_Transportation,Obesity_Type_III,45.68402350504319,Obesity_Type_III,clustering_override,0.9986461,0.00016711817,0.00019047855,0.9986461,0.00036339046,0.00063299556
24.178638,Male,1.86741,121.684311,Sometimes,yes,2.954417,2.65772,no,no,2.104696,yes,0.870056,0.0,Sometimes,Public_Transportation,Obesity_Type_II,34.89435918236296,Obesity_Type_II,clustering_override_stage2,0.9989053,0.00012617522,0.0001201928,0.9989053,0.00018345364,0.00066484057
25.311534,Female,1.685482,113.451224,Sometimes,yes,3.0,3.0,no,no,2.987718,yes,0.387074,0.283804,Sometimes,Public_Transportation,Obesity_Type_III,39.935667521877804,Obesity_Type_III,clustering_override,0.9993406,9.064066e-05,6.144769e-05,0.9993406,0.00018722881,0.00032009283
21.798856,Female,1.672007,49.980968,no,yes,2.979383,3.0,no,no,2.975887,yes,0.945093,1.241755,Frequently,Public_Transportation,Insufficient_Weight,17.87839303047231,Insufficient_Weight,classifier,0.9995958,0.9995958,0.0001423613,7.304207e-05,8.778257e-05,0.000101048005
14.0,Male,1.71,72.0,no,yes,3.0,3.0,no,no,3.0,yes,2.0,1.0,Sometimes,Walking,Normal_Weight,24.622960911049557,Normal_Weight,classifier,0.9959781,0.00032420253,0.9959781,0.00026399211,0.0029056033,0.00052809576
25.653233,Female,1.66494,110.92217,Sometimes,yes,3.0,3.0,no,no,1.604075,yes,0.029728,0.200122,Sometimes,Public_Transportation,Obesity_Type_III,40.01484901939078,Obesity_Type_III,clustering_override,0.9994904,8.836308e-05,6.090291e-05,0.9994904,0.00019496979,0.00016535608
25.486521,Male,1.762461,115.531622,Sometimes,yes,2.178308,3.0,no,no,2.165804,yes,1.420675,1.875683,Sometimes,Public_Transportation,Obesity_Type_II,37.19305388936582,Obesity_Type_II,clustering_override_stage2,0.998898,0.00010287445,0.00010899417,0.998898,0.00014648862,0.0007436199
41.0,Male,1.75,116.594351,Sometimes,yes,2.0,2.831771,no,no,1.725226,yes,0.356288,0.0,Sometimes,Automobile,Obesity_Type_II,38.07162481632653,Obesity_Type_II,clustering_override_stage2,0.998572,7.2801755e-05,9.9968864e-05,0.998572,0.00039033344,0.0008648437
18.634286,Female,1.669354,126.088301,Sometimes,yes,3.0,3.0,no,no,1.144539,yes,0.922014,0.899673,Sometimes,Public_Transportation,Obesity_Type_III,45.245762194614755,Obesity_Type_III,clustering_override,0.9990934,0.00012732408,8.866143e-05,0.9990934,0.00028661228,0.00040404976
20.908785,Female,1.700996,126.490236,Sometimes,yes,3.0,3.0,no,no,1.242832,yes,0.530925,0.575969,Sometimes,Public_Transportation,Obesity_Type_III,43.71700669915013,Obesity_Type_III,clustering_override,0.99896026,0.000119948636,8.475995e-05,0.99896026,0.00027239628,0.00056258024
18.112503,Female,1.82773,152.720545,Sometimes,yes,3.0,3.0,no,no,2.154949,yes,1.999897,0.957463,Sometimes,Public_Transportation,Obesity_Type_III,45.7165432266296,Obesity_Type_III,clustering_override,0.9986394,0.00016711705,0.00019047727,0.9986394,0.00036998565,0.0006329914
23.71259,Female,1.588597,62.339003,Sometimes,yes,2.39728,2.656588,no,no,2.061062,no,1.912981,1.887386,Sometimes,Public_Transportation,Overweight_Level_I,24.702014715821026,Normal_Weight,classifier_low_confidence,0.9337229,0.0016038013,0.9337229,0.0013708322,0.062091284,0.0012111554
20.388049,Female,1.777971,137.785027,Sometimes,yes,3.0,3.0,no,no,2.702789,yes,1.606109,0.731213,Sometimes,Public_Transportation,Obesity_Type_III,43.58656855399239,Obesity_Type_III,clustering_override,0.9990759,0.00011911844,0.000119601544,0.9990759,0.00024855035,0.0004368222
25.540865,Female,1.668709,104.754958,Sometimes,yes,3.0,3.0,no,no,1.412049,yes,0.143955,0.753077,Sometimes,Public_Transportation,Obesity_Type_III,37.61953044510411,Obesity_Type_III,clustering_override,0.9994099,8.791477e-05,6.058444e-05,0.9994099,0.00018901871,0.0002526153
22.0,Female,1.56,49.0,no,yes,2.0,3.0,yes,no,1.0,no,2.0,0.0,Sometimes,Walking,Normal_Weight,20.134779750164363,Normal_Weight,classifier,0.9987908,0.00025446605,0.9987908,0.00015693056,0.0006405304,0.00015727185
22.307413,Female,1.605495,82.528575,no,yes,2.049112,2.622055,no,no,2.280555,yes,2.052896,0.896185,Sometimes,Public_Transportation,Obesity_Type_I,32.01742726249984,Obesity_Type_I,classifier,0.99935585,7.066254e-05,9.625708e-05,0.99935585,0.00014139444,0.00033588146
25.986185,Female,1.663632,105.122109,Sometimes,yes,3.0,3.0,no,no,1.626467,yes,0.010183,0.412806,Sometimes,Public_Transportation,Obesity_Type_III,37.982149111505414,Obesity_Type_III,clustering_override,0.9994997,8.83639e-05,6.0903472e-05,0.9994997,0.00017797797,0.00017305101
18.0,Male,1.7,55.0,Sometimes,yes,2.0,3.0,no,no,2.0,yes,0.0,0.0,Frequently,Public_Transportation,Normal_Weight,19.031141868512112,Normal_Weight,classifier,0.99187696,0.006883946,0.99187696,0.00028955462,0.00055168656,0.00039780058
25.966504,Female,1.63073,104.790549,Sometimes,yes,3.0,3.0,no,no,2.436097,yes,0.129178,0.683736,Sometimes,Public_Transportation,Obesity_Type_III,39.405604480112764,Obesity_Type_III,clustering_override,0.99948585,8.489841e-05,5.884792e-05,0.99948585,0.00016236861,0.00020805935
21.123048,Male,1.717037,80.0,no,yes,2.0,3.0,no,no,2.0,yes,2.270555,1.343044,Sometimes,Public_Transportation,Overweight_Level_II,27.135053330223776,Overweight_Level_II,classifier,0.9971022,0.00021697488,0.000535894,0.0003587889,0.0017861183,0.9971022
30.493946,Male,1.756221,119.117122,Sometimes,yes,2.619987,3.0,no,no,2.194746,yes,1.076926,1.090995,Sometimes,Automobile,Obesity_Type_II,38.62031929436984,Obesity_Type_II,clustering_override_stage2,0.99871004,0.00010634233,9.615671e-05,0.99871004,0.00026403344,0.0008233922
38.523646,Male,1.765836,118.533246,Sometimes,yes,2.177896,2.987652,no,no,1.745095,yes,0.656548,0.0,Sometimes,Automobile,Obesity_Type_II,38.0136388681488,Obesity_Type_II,clustering_override_stage2,0.9984843,0.00010774855,9.640196e-05,0.9984843,0.00039175013,0.00091976253
21.289104,Female,1.708291,130.986338,Sometimes,yes,3.0,3.0,no,no,1.205548,yes,1.723934,0.952352,Sometimes,Public_Transportation,Obesity_Type_III,44.885110118953776,Obesity_Type_III,clustering_override,0.99891794,0.00012562377,0.000117464006,0.99891794,0.0002601573,0.00057883793
26.740655,Male,1.863883,120.202596,Sometimes,yes,2.247795,3.0,no,no,2.816015,yes,0.712726,0.0,Sometimes,Public_Transportation,Obesity_Type_II,34.6000361582605,Obesity_Type_II,clustering_override_stage2,0.99891317,0.000120802804,0.00010830707,0.99891317,0.0001886538,0.0006691171
25.95383,Male,1.65731,90.0,Sometimes,yes,2.0,3.0,no,no,3.0,yes,0.413643,0.920858,Sometimes,Automobile,Obesity_Type_I,32.76687374497988,Obesity_Type_I,classifier,0.9990325,5.73568e-05,6.495411e-05,0.9990325,0.00021730537,0.00062787946
24.063874,Female,1.737313,133.166595,Sometimes,yes,3.0,3.0,no,no,2.846259,yes,1.295759,0.723154,Sometimes,Public_Transportation,Obesity_Type_III,44.12037107057752,Obesity_Type_III,clustering_override,0.99903417,0.00010684882,9.625959e-05,0.99903417,0.00019907007,0.0005637108
22.789402,Male,1.64187,104.270062,no,yes,2.869833,1.569176,no,no,1.533682,yes,0.167943,1.368262,Sometimes,Public_Transportation,Obesity_Type_II,38.67961090119166,Obesity_Type_I,classifier,0.99944085,9.1932234e-05,6.887114e-05,0.99944085,0.00011455465,0.00028378816
37.872971,Female,1.565366,80.0,Sometimes,yes,2.002564,1.974233,no,no,1.935398,yes,1.649299,0.0,Sometimes,Automobile,Obesity_Type_I,32.648121177894765,Obesity_Type_I,classifier,0.99847466,7.9354824e-05,0.0001313111,0.99847466,0.0008649817,0.00044963227
22.0,Female,1.67,50.0,Sometimes,no,3.0,3.0,yes,no,3.0,yes,2.0,1.0,no,Public_Transportation,Insufficient_Weight,17.92821542543655,Insufficient_Weight,classifier,0.99854624,0.99854624,0.0009010678,9.5282296e-05,0.0001878027,0.00026961183
30.710511,Male,1.914186,129.852531,Sometimes,yes,2.197261,3.0,no,no,1.11184,yes,0.906843,0.976473,Sometimes,Public_Transportation,Obesity_Type_II,35.43905624245736,Obesity_Type_II,clustering_override_stage2,0.99832016,0.00014855844,8.980962e-05,0.99832016,0.00027059342,0.0011708244
19.137495,Female,1.716521,127.642324,Sometimes,yes,3.0,3.0,no,no,1.313834,yes,0.912334,0.707494,Sometimes,Public_Transportation,Obesity_Type_III,43.32079928274944,Obesity_Type_III,clustering_override,0.9987943,0.00013187455,9.107891e-05,0.9987943,0.00031281143,0.0006698668
22.276969,Male,1.84995,121.786485,Sometimes,yes,3.0,2.272214,no,no,1.555534,yes,0.348839,0.0,Sometimes,Public_Transportation,Obesity_Type_II,35.58599512640859,Obesity_Type_II,clustering_override_stage2,0.9988558,0.00013994763,0.0001591968,0.9988558,0.00022550557,0.0006195058
19.0,Female,1.67,64.0,Sometimes,yes,3.0,3.0,no,no,2.0,no,2.0,1.0,Sometimes,Automobile,Normal_Weight,22.948115744558788,Normal_Weight,classifier,0.9963356,0.00035973915,0.9963356,0.00021634623,0.0028588006,0.00022950262
18.0,Female,1.692242,90.019501,Sometimes,yes,2.642744,3.0,no,no,1.904054,yes,1.645654,0.363549,Sometimes,Public_Transportation,Obesity_Type_I,31.43486950977427,Obesity_Type_I,classifier,0.998755,0.00014997176,0.000118711665,0.998755,0.00037254833,0.00060379686
25.058566,Male,1.764484,113.234349,Sometimes,yes,1.517912,3.0,no,no,2.038958,yes,1.590255,0.00164,Sometimes,Public_Transportation,Obesity_Type_II,36.36995287918279,Obesity_Type_II,clustering_override_stage2,0.9989436,7.6316195e-05,0.00016937108,0.9989436,0.00021626623,0.0005944378
20.81158,Female,1.741193,128.763843,Sometimes,yes,3.0,3.0,no,no,1.768111,yes,0.616503,0.968151,Sometimes,Public_Transportation,Obesity_Type_III,42.4717449982583,Obesity_Type_III,clustering_override,0.9988361,0.00012524363,9.19883e-05,0.9988361,0.0002908427,0.00065588276
32.0,Female,1.57,57.0,Sometimes,yes,3.0,3.0,no,no,2.0,yes,0.0,0.0,Sometimes,Automobile,Normal_Weight,23.124670372023203,Normal_Weight,classifier,0.98417073,0.0018984874,0.98417073,0.0013691739,0.011344297,0.0012173202
25.539411,Male,1.787052,115.428276,Sometimes,yes,1.992889,3.0,no,no,2.141271,yes,1.121038,0.0,Sometimes,Public_Transportation,Obesity_Type_II,36.14413448216006,Obesity_Type_II,clustering_override_stage2,0.99903166,6.959189e-05,0.00015187675,0.99903166,0.00018005271,0.0005668542
25.822348,Male,1.766626,114.187096,Sometimes,yes,2.075321,3.0,no,no,2.144838,yes,1.501754,0.276319,Sometimes,Public_Transportation,Obesity_Type_II,36.58708358390632,Obesity_Type_II,clustering_override_stage2,0.9992083,0.00010142757,9.857256e-05,0.9992083,0.00017759245,0.00041415985
26.0,Female,1.602025,104.899348,Sometimes,yes,3.0,3.0,no,no,2.613928,yes,0.0,0.553093,Sometimes,Public_Transportation,Obesity_Type_III,40.87278310995751,Obesity_Type_III,clustering_override,0.9994259,8.82123e-05,0.0001192103,0.9994259,0.00016301218,0.00020367044
20.871667,Female,1.782453,137.852618,Sometimes,yes,3.0,3.0,no,no,2.748909,yes,1.989171,0.832515,Sometimes,Public_Transportation,Obesity_Type_III,43.38892038962557,Obesity_Type_III,clustering_override,0.9990972,0.00011873445,0.00012506389,0.9990972,0.00023852922,0.00042048778
30.686701,Male,1.644517,100.004418,no,yes,2.96405,2.123138,no,no,1.0,yes,1.699181,0.620465,Sometimes,Public_Transportation,Obesity_Type_II,36.97791774769778,Obesity_Type_I,classifier,0.9993333,8.991559e-05,9.720812e-05,0.9993333,0.0001261323,0.00035338648
26.0,Female,1.633945,111.9307,Sometimes,yes,3.0,3.0,no,no,2.682804,yes,0.0,0.15171,Sometimes,Public_Transportation,Obesity_Type_III,41.92512367054178,Obesity_Type_III,clustering_override,0.99948883,8.5324806e-05,0.00011632782,0.99948883,0.00016519347,0.00014424518
24.186273,Male,1.794827,120.919703,Sometimes,yes,2.611847,2.749334,no,no,2.364849,yes,1.141708,0.063005,Sometimes,Public_Transportation,Obesity_Type_II,37.536336486860556,Obesity_Type_II,clustering_override_stage2,0.99911064,0.00010528946,9.4672854e-05,0.99911064,0.00017094064,0.0005184556
24.244029,Male,1.622297,99.982541,no,yes,2.941929,3.989492,no,no,1.014135,yes,1.958694,0.687342,Sometimes,Public_Transportation,Obesity_Type_II,37.98948794132215,Obesity_Type_I,classifier,0.99912244,0.000119060845,0.00010488091,0.99912244,0.00026618628,0.00038746034
26.0,Female,1.627567,107.482662,Sometimes,yes,3.0,3.0,no,no,2.687378,yes,0.0,0.410651,Sometimes,Public_Transportation,Obesity_Type_III,40.575199388580685,Obesity_Type_III,clustering_override,0.99950254,8.532597e-05,0.000116329415,0.99950254,0.000155776,0.00014004372
26.0,Female,1.654784,111.933152,Sometimes,yes,3.0,3.0,no,no,2.770125,yes,0.0,0.088236,Sometimes,Public_Transportation,Obesity_Type_III,40.87672632309213,Obesity_Type_III,clustering_override,0.99946135,8.573306e-05,0.000113951064,0.99946135,0.00017127351,0.0001677058
21.01245,Female,1.747773,127.902844,Sometimes,yes,3.0,3.0,no,no,1.705218,yes,0.390937,0.998646,Sometimes,Public_Transportation,Obesity_Type_III,41.87069304752408,Obesity_Type_III,clustering_override,0.9988796,0.00012524909,8.9854024e-05,0.9988796,0.0002883168,0.000617007
23.172982,Male,1.858624,88.675503,Sometimes,yes,2.0,2.77684,no,no,1.278231,yes,0.55713,1.0,Sometimes,Automobile,Overweight_Level_I,25.66968734525319,Overweight_Level_I,classifier,0.9971993,0.00023176467,0.0002870314,0.0004948313,0.9971993,0.0017870222
21.0,Male,1.85,125.0,Sometimes,yes,3.0,1.0,no,no,1.0,yes,0.0,0.0,Always,Public_Transportation,Obesity_Type_II,36.523009495982464,Obesity_Type_II,clustering_override_stage2,0.9982912,0.0001685165,0.00053304405,0.9982912,0.00030421678,0.0007030567
21.0,Male,1.7,65.0,Always,yes,2.0,1.0,no,no,2.0,yes,1.0,2.0,Frequently,Walking,Normal_Weight,22.49134948096886,Normal_Weight,classifier,0.99793386,0.00027410968,0.99793386,0.00026399488,0.0008727398,0.00065524783
24.920362,Male,1.796415,120.988454,Sometimes,yes,2.475892,3.0,no,no,2.949356,yes,1.866839,0.100048,Sometimes,Public_Transportation,Obesity_Type_II,37.4913070872078,Obesity_Type_II,clustering_override_stage2,0.9991954,0.000105773644,0.0001018145,0.9991954,0.00017893112,0.0004180892
25.907833,Female,1.623113,102.555691,Sometimes,yes,3.0,3.0,no,no,1.063422,yes,0.051097,0.543118,Sometimes,Public_Transportation,Obesity_Type_III,38.928014453765385,Obesity_Type_III,clustering_override,0.999451,9.05298e-05,6.2493775e-05,0.999451,0.00018017742,0.00021582539
21.210732,Female,1.716497,130.871127,Sometimes,yes,3.0,3.0,no,no,1.301657,yes,1.718543,0.947884,Sometimes,Public_Transportation,Obesity_Type_III,44.4178716587018,Obesity_Type_III,clustering_override,0.99890184,0.00012743122,0.000119637174,0.99890184,0.00026390015,0.00058716576
20.492077,Female,1.529223,65.140408,no,no,2.003951,3.0,no,no,1.207978,yes,1.916751,1.228995,Sometimes,Public_Transportation,Overweight_Level_II,27.855363600543857,Overweight_Level_II,classifier,0.999302,8.5160755e-05,0.00017106242,0.00010521185,0.0003364667,0.999302
19.725718,Female,1.746529,129.363771,Sometimes,yes,3.0,3.0,no,no,2.250711,yes,0.64235,0.685129,Sometimes,Public_Transportation,Obesity_Type_III,42.40929612850956,Obesity_Type_III,clustering_override,0.99888545,0.0001249089,8.9584944e-05,0.99888545,0.00029857803,0.00060145947
24.82929,Male,1.755967,112.256165,Sometimes,yes,1.369529,3.0,no,no,2.0,yes,1.596576,0.0026,Sometimes,Public_Transportation,Obesity_Type_II,36.40638030955559,Obesity_Type_II,clustering_override_stage2,0.9988337,8.011064e-05,0.00020865122,0.9988337,0.000227019,0.00065052795
25.783865,Female,1.655646,110.21734,Sometimes,yes,3.0,3.0,no,no,1.528258,yes,0.01586,0.436068,Sometimes,Public_Transportation,Obesity_Type_III,40.208230144038275,Obesity_Type_III,clustering_override,0.99945265,8.702901e-05,5.9674574e-05,0.99945265,0.00017842247,0.00022220648
19.639431,Female,1.53535,42.0,Sometimes,yes,3.0,1.0,no,no,1.49681,no,0.0,0.513427,Frequently,Public_Transportation,Insufficient_Weight,17.816996871809412,Insufficient_Weight,classifier,0.9989716,0.9989716,0.0004995219,0.000108139284,0.00031982394,0.000100888836
32.516469,Male,1.695735,102.784864,no,yes,2.736647,2.015675,no,no,1.0,yes,1.977918,0.056351,Sometimes,Public_Transportation,Obesity_Type_II,35.74482682607695,Obesity_Type_I,classifier,0.9988219,0.00010097295,0.000112617476,0.9988219,0.00016203838,0.00080239645
31.56724,Male,1.753327,118.26569,Sometimes,yes,2.232836,3.0,no,no,2.146398,yes,0.886817,0.47787,Sometimes,Automobile,Obesity_Type_II,38.47095156644997,Obesity_Type_II,clustering_override_stage2,0.9986455,0.000104049075,6.632863e-05,0.9986455,0.0002845345,0.00089955516
39.29266,Female,1.567131,80.0,Sometimes,yes,2.025479,1.046144,no,no,1.941224,yes,1.983265,0.0,Sometimes,Automobile,Obesity_Type_I,32.57462191834695,Obesity_Type_I,classifier,0.99846894,8.518849e-05,0.00012666106,0.99846894,0.00087847246,0.0004406989
26.0,Female,1.659557,111.999096,Sometimes,yes,3.0,3.0,no,no,2.956548,yes,0.0,0.010056,Sometimes,Public_Transportation,Obesity_Type_III,40.66587957918845,Obesity_Type_III,clustering_override,0.99945,8.704298e-05,0.000115692135,0.99945,0.00017145298,0.00017573325
19.86997,Female,1.520997,42.0,Sometimes,yes,3.0,1.0,no,no,1.527036,no,0.0,0.860497,Frequently,Public_Transportation,Insufficient_Weight,18.15484625757197,Insufficient_Weight,classifier,0.9989311,0.9989311,0.00054663455,0.000108677465,0.00031152344,0.00010205818
40.654155,Female,1.52906,79.760922,Sometimes,yes,2.0,3.0,no,no,1.0,yes,0.0,0.0,Sometimes,Automobile,Obesity_Type_I,34.114664991526176,Obesity_Type_I,classifier,0.99841416,7.923114e-05,0.00022519444,0.99841416,0.0009005673,0.0003807998
30.722801,Male,1.779325,120.751656,Sometimes,yes,2.519592,3.0,no,no,2.229145,yes,0.350717,1.140348,Sometimes,Automobile,Obesity_Type_II,38.140162047654705,Obesity_Type_II,clustering_override_stage2,0.9988444,0.000106527485,7.268888e-05,0.9988444,0.00025743572,0.00071892585
23.912387,Male,1.774983,119.081804,Sometimes,yes,2.425503,2.996834,no,no,2.017602,yes,1.580263,0.531769,Sometimes,Public_Transportation,Obesity_Type_II,37.796972040893266,Obesity_Type_II,clustering_override_stage2,0.9990362,0.00010662722,9.9448465e-05,0.9990362,0.00015456883,0.0006032093
21.285965,Female,1.72692,131.335786,Sometimes,yes,3.0,3.0,no,no,1.796267,yes,1.728332,0.897924,Sometimes,Public_Transportation,Obesity_Type_III,44.039120695215416,Obesity_Type_III,clustering_override,0.998976,0.00012244214,0.00011495324,0.998976,0.00025155983,0.00053510274
20.089969,Female,1.801478,151.417292,Sometimes,yes,3.0,3.0,no,no,2.226081,yes,1.881761,0.933964,Sometimes,Public_Transportation,Obesity_Type_III,46.65707934893731,Obesity_Type_III,clustering_override,0.9989309,0.00013061357,0.00014145595,0.9989309,0.00028095787,0.0005160691
16.0,Male,1.67,50.0,no,yes,2.0,1.0,no,no,3.0,yes,1.0,0.0,Frequently,Public_Transportation,Insufficient_Weight,17.92821542543655,Insufficient_Weight,classifier,0.99521196,0.99521196,0.003433183,0.0002851391,0.0007229147,0.0003467352
25.542454,Male,1.763215,115.10813,Sometimes,yes,2.21965,3.0,no,no,2.165408,yes,1.315045,0.688985,Sometimes,Public_Transportation,Obesity_Type_II,37.02503306004447,Obesity_Type_II,clustering_override_stage2,0.9989342,0.00010127528,9.845844e-05,0.9989342,0.00015080105,0.0007152349
17.0,Male,1.7,55.0,Sometimes,yes,3.0,3.0,no,no,2.0,no,3.0,1.0,Always,Public_Transportation,Normal_Weight,19.031141868512112,Normal_Weight,classifier,0.9841081,0.01443821,0.9841081,0.00031733178,0.00065722014,0.00047920697
23.319635,Male,1.84629,121.248035,Sometimes,yes,3.0,2.695396,no,no,2.628816,yes,0.975384,0.0,Sometimes,Public_Transportation,Obesity_Type_II,35.569263609251415,Obesity_Type_II,clustering_override_stage2,0.9989925,0.00012129588,0.00013910966,0.9989925,0.000173135,0.00057400996
23.963649,Male,1.792998,116.102615,Sometimes,yes,1.994679,3.0,no,no,2.0,yes,0.966617,0.739006,Sometimes,Public_Transportation,Obesity_Type_II,36.114565260613354,Obesity_Type_II,clustering_override_stage2,0.9988304,7.164746e-05,8.4299216e-05,0.9988304,0.00016076617,0.0008529405
31.194323,Male,1.889104,129.157346,Sometimes,yes,2.889485,3.0,no,yes,1.279771,yes,0.941424,0.008343,Sometimes,Public_Transportation,Obesity_Type_II,36.19156614775234,Obesity_Type_II,clustering_override_stage2,0.99860317,0.0001502232,9.0205256e-05,0.99860317,0.00027352318,0.00088293524
25.918524,Female,1.621231,104.986792,Sometimes,yes,3.0,3.0,no,no,1.653049,yes,0.139159,0.711331,Sometimes,Public_Transportation,Obesity_Type_III,39.94338503153365,Obesity_Type_III,clustering_override,0.9994598,8.6180175e-05,5.9789727e-05,0.9994598,0.0001778755,0.00021635424
21.0,Female,1.61,54.5,Sometimes,yes,3.0,3.0,no,no,3.0,yes,0.0,1.0,Sometimes,Walking,Normal_Weight,21.025423401874924,Normal_Weight,classifier,0.9981602,0.00063901895,0.9981602,0.0002440973,0.00075811375,0.00019862145
31.327609,Male,1.737984,82.523113,Sometimes,yes,2.300408,3.071028,no,no,1.738959,yes,0.090147,0.0,Sometimes,Automobile,Overweight_Level_II,27.32021133039159,Overweight_Level_II,classifier,0.99288565,0.00030305033,0.00026259228,0.00046282294,0.006085814,0.99288565
26.0,Female,1.628909,106.875927,Sometimes,yes,3.0,3.0,no,no,2.686824,yes,0.0,0.540812,Sometimes,Public_Transportation,Obesity_Type_III,40.279702006388675,Obesity_Type_III,clustering_override,0.9994499,8.532148e-05,0.000115724346,0.9994499,0.00015458478,0.00019446571
20.217015,Female,1.71582,129.466541,Sometimes,yes,3.0,3.0,no,no,1.755907,yes,1.48809,0.857718,Sometimes,Public_Transportation,Obesity_Type_III,43.97583489784527,Obesity_Type_III,clustering_override,0.99892896,0.00012700156,0.00012618735,0.99892896,0.00024863682,0.00056918804
30.916426,Male,1.781139,120.794535,Sometimes,yes,2.111887,3.0,no,no,2.357373,yes,0.425621,1.416353,Sometimes,Automobile,Obesity_Type_II,38.07602998161723,Obesity_Type_II,clustering_override_stage2,0.9987521,0.000102654216,7.2613235e-05,0.9987521,0.00026102387,0.00081157475
26.0,Female,1.627532,106.69053,Sometimes,yes,3.0,3.0,no,no,2.569713,yes,0.0,0.396972,Sometimes,Public_Transportation,Obesity_Type_III,40.27789820708425,Obesity_Type_III,clustering_override,0.9995066,8.532632e-05,0.00011632988,0.9995066,0.00015593774,0.00013581716
21.282238,Female,1.748951,133.662583,Sometimes,yes,3.0,3.0,no,no,2.247979,yes,1.609938,0.849236,Sometimes,Public_Transportation,Obesity_Type_III,43.69729617579136,Obesity_Type_III,clustering_override,0.99903035,0.00011663607,0.00011225748,0.99903035,0.000236185,0.00050461775
21.704699,Female,1.787614,137.858254,Sometimes,yes,3.0,3.0,no,no,2.531456,yes,1.980738,0.835771,Sometimes,Public_Transportation,Obesity_Type_III,43.140510428659226,Obesity_Type_III,clustering_override,0.9991172,0.0001165847,0.00011691182,0.9991172,0.00021895205,0.00043037295
25.930376,Female,1.610086,102.38745,Sometimes,yes,3.0,3.0,no,no,1.050564,yes,0.026033,0.539074,Sometimes,Public_Transportation,Obesity_Type_III,39.49558758912676,Obesity_Type_III,clustering_override,0.9994481,9.0529546e-05,6.249359e-05,0.9994481,0.0001801769,0.00021863266
17.0,Female,1.6,53.0,Sometimes,yes,1.0,3.0,no,no,1.0,no,2.0,2.0,Sometimes,Walking,Normal_Weight,20.703124999999996,Normal_Weight,classifier,0.9961604,0.00052263855,0.9961604,0.00034455527,0.0026533348,0.00031904044
21.016849,Female,1.724268,133.033523,Sometimes,yes,3.0,3.0,no,no,1.650612,yes,1.537639,0.912457,Sometimes,Public_Transportation,Obesity_Type_III,44.74572564745773,Obesity_Type_III,clustering_override,0.9989309,0.00012768418,0.00011987466,0.9989309,0.00027846376,0.0005431059
19.0,Female,1.5,45.0,Sometimes,yes,2.0,3.0,no,no,1.0,no,0.0,0.0,Sometimes,Public_Transportation,Normal_Weight,20.0,Normal_Weight,classifier,0.9977012,0.0007000333,0.9977012,0.0002784785,0.0010723873,0.00024787008
25.993154,Female,1.609401,104.854928,Sometimes,yes,3.0,3.0,no,no,2.613504,yes,0.067985,0.778632,Sometimes,Public_Transportation,Obesity_Type_III,40.48184639897011,Obesity_Type_III,clustering_override,0.9994966,8.489932e-05,5.8634552e-05,0.9994966,0.00015767745,0.00020224841
17.0,Male,1.7,98.0,Sometimes,no,2.0,3.0,no,no,2.0,yes,0.0,1.0,Sometimes,Automobile,Obesity_Type_I,33.91003460207613,Obesity_Type_I,classifier,0.9944126,0.00020201993,0.00047222566,0.9944126,0.00051766494,0.0043954714
20.9859,Male,1.780503,103.189532,no,yes,2.0,3.0,no,no,1.608128,yes,0.478134,0.0,Sometimes,Public_Transportation,Obesity_Type_I,32.54994231595295,Obesity_Type_I,classifier,0.99886537,7.72806e-05,0.00013181286,0.99886537,0.00020028325,0.00072529865
23.881938,Male,1.829971,121.04172,Sometimes,yes,2.684335,2.711238,no,no,2.732331,yes,1.156024,0.442456,Sometimes,Public_Transportation,Obesity_Type_II,36.144870371209464,Obesity_Type_II,clustering_override_stage2,0.9989838,0.00011036607,0.00010496081,0.9989838,0.00017002996,0.00063078373
31.034092,Male,1.886109,129.349471,Sometimes,yes,2.499626,3.0,no,yes,1.125338,yes,0.94522,1.022505,Sometimes,Public_Transportation,Obesity_Type_II,36.36060343576947,Obesity_Type_II,clustering_override_stage2,0.9983581,0.00015396198,0.00010003499,0.9983581,0.00024834689,0.0011396036
21.544554,Male,1.84998,122.609911,Sometimes,yes,3.0,1.971659,no,no,1.179254,yes,0.178856,0.0,Sometimes,Public_Transportation,Obesity_Type_II,35.82543814991758,Obesity_Type_II,clustering_override_stage2,0.9988092,0.00014252588,0.00016870671,0.9988092,0.00025418116,0.0006253604
26.0,Female,1.640125,111.539494,Sometimes,yes,3.0,3.0,no,no,2.625537,yes,0.0,0.162494,Sometimes,Public_Transportation,Obesity_Type_III,41.464341527399405,Obesity_Type_III,clustering_override,0.9994873,8.5324675e-05,0.00011632764,0.9994873,0.00016683788,0.00014424494
26.0,Female,1.633195,111.883747,Sometimes,yes,3.0,3.0,no,no,2.619517,yes,0.0,0.140368,Sometimes,Public_Transportation,Obesity_Type_III,41.94603541448875,Obesity_Type_III,clustering_override,0.99948835,8.532476e-05,0.00011632776,0.99948835,0.00016213815,0.00014788224
20.801791,Female,1.721476,131.042274,Sometimes,yes,3.0,3.0,no,no,1.837184,yes,1.525165,0.926443,Sometimes,Public_Transportation,Obesity_Type_III,44.219056941909365,Obesity_Type_III,clustering_override,0.9989311,0.00012768421,0.00012372805,0.9989311,0.00026706432,0.0005504293
38.297259,Male,1.789109,100.066268,Frequently,yes,2.014194,2.050121,no,no,2.184707,yes,2.000561,0.853891,Sometimes,Automobile,Obesity_Type_I,31.26180876820843,Obesity_Type_I,classifier,0.9987814,7.569513e-05,0.00011366555,0.9987814,0.00026291254,0.0007663456
30.520854,Male,1.784049,120.644178,Sometimes,yes,2.499108,3.0,no,no,2.040952,yes,0.838739,0.489854,Sometimes,Automobile,Obesity_Type_II,37.90467802939483,Obesity_Type_II,clustering_override_stage2,0.9987832,0.00010846817,6.6689376e-05,0.9987832,0.00027392936,0.0007677017
31.641081,Male,1.676595,89.993812,Sometimes,yes,2.934671,2.119682,no,no,2.041462,yes,0.578074,0.0,Sometimes,Automobile,Obesity_Type_I,32.01520705632761,Obesity_Type_I,classifier,0.9976628,0.00012674891,0.000111464506,0.9976628,0.00031173107,0.00178728
25.550506,Male,1.77274,114.254278,Sometimes,yes,2.175276,3.0,no,no,2.128176,yes,1.306476,0.079334,Sometimes,Public_Transportation,Obesity_Type_II,36.35652631335632,Obesity_Type_II,clustering_override_stage2,0.9991042,0.00010064006,9.839691e-05,0.9991042,0.00017316395,0.00052352954
26.0,Female,1.656504,111.993054,Sometimes,yes,3.0,3.0,no,no,2.893117,yes,0.0,0.01931,Sometimes,Public_Transportation,Obesity_Type_III,40.81371335360645,Obesity_Type_III,clustering_override,0.9994628,8.5733176e-05,0.00011395123,0.9994628,0.00016985259,0.00016770604
21.082384,Female,1.486484,60.117993,no,no,2.0,1.104642,no,no,1.0,yes,0.0,0.969097,Sometimes,Public_Transportation,Overweight_Level_II,27.207209174785646,Overweight_Level_II,classifier_low_confidence,0.9196325,0.0016898722,0.007206385,0.0022199738,0.0692513,0.9196325
25.976209,Female,1.614484,104.999403,Sometimes,yes,3.0,3.0,no,no,1.237557,yes,0.083675,0.543761,Sometimes,Public_Transportation,Obesity_Type_III,40.28277114262707,Obesity_Type_III,clustering_override,0.9994598,8.886869e-05,6.134703e-05,0.9994598,0.0001768714,0.00021309039
20.438478,Female,1.805803,153.149491,Sometimes,yes,3.0,3.0,no,no,2.387991,yes,0.850715,0.656491,Sometimes,Public_Transportation,Obesity_Type_III,46.965053064889005,Obesity_Type_III,clustering_override,0.9989342,0.00012485069,9.363914e-05,0.9989342,0.00026858284,0.00057875906
25.816445,Female,1.684082,104.592372,Sometimes,yes,3.0,3.0,no,no,1.295436,yes,0.282063,0.929356,Sometimes,Public_Transportation,Obesity_Type_III,36.878525139664994,Obesity_Type_III,clustering_override,0.99912757,9.765078e-05,6.6248846e-05,0.99912757,0.00020310927,0.00050538057
24.0,Female,1.56,51.0,Frequently,no,3.0,3.0,no,no,2.0,no,2.0,2.0,Frequently,Public_Transportation,Normal_Weight,20.956607495069033,Normal_Weight,classifier,0.9972555,0.0011535189,0.9972555,0.0002936922,0.0004612775,0.00083601236
18.0,Male,1.74,64.0,Sometimes,yes,3.0,4.0,yes,no,1.0,yes,2.0,0.0,Sometimes,Public_Transportation,Normal_Weight,21.13885585942661,Normal_Weight,classifier,0.9981285,0.00039437984,0.9981285,0.00018308072,0.0010337025,0.00026032532
25.293202,Female,1.503379,64.342459,no,no,2.0,1.0,no,no,1.639807,yes,0.072117,0.0,Sometimes,Public_Transportation,Overweight_Level_II,28.46824504877277,Overweight_Level_II,classifier,0.99634653,0.0004968924,0.0010043549,0.0007221744,0.0014300655,0.99634653
25.036269,Male,1.874519,121.244969,Sometimes,yes,2.630137,3.0,no,no,2.960088,yes,1.356468,0.0,Sometimes,Public_Transportation,Obesity_Type_II,34.505159025050546,Obesity_Type_II,clustering_override_stage2,0.9989378,0.00013143993,0.00016413501,0.9989378,0.00021029878,0.0005562938
30.361365,Male,1.75853,111.635463,Sometimes,yes,1.263216,3.219347,no,no,1.981782,yes,0.482625,0.0,Sometimes,Automobile,Obesity_Type_II,36.099618691661966,Obesity_Type_II,clustering_override_stage2,0.99827325,9.2327995e-05,0.00012101416,0.99827325,0.0004757347,0.0010376851
25.954511,Female,1.623514,109.980145,Sometimes,yes,3.0,3.0,no,no,2.217348,yes,0.001015,0.481031,Sometimes,Public_Transportation,Obesity_Type_III,41.72556363412006,Obesity_Type_III,clustering_override,0.9994405,8.532067e-05,0.000115723255,0.9994405,0.00015576633,0.00020265603
18.0,Female,1.692913,89.93889,no,yes,2.818502,3.0,no,no,1.991251,yes,1.492967,0.0,Sometimes,Public_Transportation,Obesity_Type_I,31.3818284050849,Obesity_Type_I,classifier,0.9979462,0.00020281089,0.00023733122,0.9979462,0.00035307743,0.001260569
20.530998,Female,1.74647,133.644711,Sometimes,yes,3.0,3.0,no,no,2.896088,yes,1.612741,0.77319,Sometimes,Public_Transportation,Obesity_Type_III,43.81567598171338,Obesity_Type_III,clustering_override,0.9990165,0.00012048507,0.00011968959,0.9990165,0.0002554021,0.00048790456
21.695892,Female,1.755476,133.870501,Sometimes,yes,3.0,3.0,no,no,1.959287,yes,1.433151,0.911335,Sometimes,Public_Transportation,Obesity_Type_III,43.4405280673842,Obesity_Type_III,clustering_override,0.9989096,0.00012486594,0.00011946446,0.9989096,0.00025856102,0.00058753474
23.365041,Female,1.744319,133.45249,Sometimes,yes,3.0,3.0,no,no,2.839069,yes,1.231031,0.792496,Sometimes,Public_Transportation,Obesity_Type_III,43.86062931445097,Obesity_Type_III,clustering_override,0.9990608,0.000106851665,9.915279e-05,0.9990608,0.00019562057,0.0005375812
19.0,Female,1.53,42.0,Frequently,no,2.0,3.0,yes,no,1.0,no,2.0,0.0,Sometimes,Public_Transportation,Insufficient_Weight,17.941817249775728,Insufficient_Weight,classifier,0.9907849,0.9907849,0.0064453958,0.0003465531,0.001572775,0.00085039024
17.082867,Female,1.640824,43.365005,Sometimes,yes,2.815157,3.0,no,no,2.911187,no,2.595128,1.380204,Sometimes,Public_Transportation,Insufficient_Weight,16.10702754247296,Insufficient_Weight,classifier,0.9991868,0.9991868,0.0004254519,9.000286e-05,0.00021677362,8.09261e-05
25.314163,Male,1.771837,114.906095,Sometimes,yes,1.585183,3.0,no,no,2.101841,yes,1.543961,7.3e-05,Sometimes,Public_Transportation,Obesity_Type_II,36.60121756228499,Obesity_Type_II,clustering_override_stage2,0.99899167,7.613747e-05,0.00017078748,0.99899167,0.0002073161,0.0005540791
25.137087,Male,1.772045,114.067936,Sometimes,yes,1.624366,3.0,no,no,2.081719,yes,1.538922,0.356868,Sometimes,Public_Transportation,Obesity_Type_II,36.325708252809015,Obesity_Type_II,clustering_override_stage2,0.9991986,7.043635e-05,0.00010978738,0.9991986,0.0002041637,0.00041697084
26.778684,Male,1.780089,113.15464,Sometimes,yes,2.219186,3.0,no,no,2.092326,yes,0.545919,1.74288,Sometimes,Automobile,Obesity_Type_II,35.70992468899231,Obesity_Type_II,clustering_override_stage2,0.99887806,9.90515e-05,7.009971e-05,0.99887806,0.00022888825,0.0007238557
25.934757,Female,1.579893,102.134646,Sometimes,yes,3.0,3.0,no,no,1.005864,yes,0.02006,0.695838,Sometimes,Public_Transportation,Obesity_Type_III,40.918314706014506,Obesity_Type_III,clustering_override,0.9993672,9.312425e-05,6.437242e-05,0.9993672,0.00018627133,0.00028901958
22.77789,Female,1.661415,120.748213,Sometimes,yes,3.0,3.0,no,no,1.91039,yes,0.217455,0.77582,Sometimes,Public_Transportation,Obesity_Type_III,43.74460082294983,Obesity_Type_III,clustering_override,0.9994217,9.394124e-05,6.275969e-05,0.9994217,0.0001881659,0.00023339478
22.851721,Male,1.853373,121.737836,Sometimes,yes,2.922511,2.692889,no,no,1.809531,yes,0.478595,0.0,Sometimes,Public_Transportation,Obesity_Type_II,35.4405059839478,Obesity_Type_II,clustering_override_stage2,0.9988582,0.00013512281,0.00013148262,0.9988582,0.0002070608,0.0006680965
26.0,Female,1.638836,110.970479,Sometimes,yes,3.0,3.0,no,no,2.644135,yes,0.0,0.357581,Sometimes,Public_Transportation,Obesity_Type_III,41.31773156322898,Obesity_Type_III,clustering_override,0.9994974,8.532553e-05,0.00011632882,0.9994974,0.00016683957,0.00013407138
39.825592,Male,1.706741,108.012603,no,yes,2.487781,3.755976,no,no,1.0,yes,1.860765,0.0,Sometimes,Automobile,Obesity_Type_II,37.07995423656283,Obesity_Type_II,clustering_override_stage2,0.99832433,0.00016066787,0.00017051573,0.99832433,0.0006146173,0.00072979956
25.908431,Female,1.607128,103.026858,Sometimes,yes,3.0,3.0,no,no,1.077253,yes,0.162083,0.824607,Sometimes,Public_Transportation,Obesity_Type_III,39.88866671445868,Obesity_Type_III,clustering_override,0.9994356,9.007628e-05,6.226563e-05,0.9994356,0.00018924018,0.00022284762
18.378203,Female,1.746061,128.261402,Sometimes,yes,3.0,3.0,no,no,2.501638,yes,1.546179,0.66488,Sometimes,Public_Transportation,Obesity_Type_III,42.07045012482593,Obesity_Type_III,clustering_override,0.99872214,0.00015231974,0.00014788743,0.99872214,0.0003423513,0.0006352712
19.885655,Female,1.763343,133.952675,Sometimes,yes,3.0,3.0,no,no,2.835622,yes,1.419473,0.816986,Sometimes,Public_Transportation,Obesity_Type_III,43.08020830022258,Obesity_Type_III,clustering_override,0.99894243,0.00012821537,0.0001231599,0.99894243,0.00026549643,0.0005407245
18.177882,Female,1.821566,142.102468,Sometimes,yes,3.0,3.0,no,no,2.714949,yes,1.999773,0.813784,Sometimes,Public_Transportation,Obesity_Type_III,42.82642255990604,Obesity_Type_III,clustering_override,0.9987103,0.00016489299,0.0001879423,0.9987103,0.00036278344,0.000574099
21.0,Male,1.82,67.0,Sometimes,yes,2.0,4.0,no,yes,3.0,no,3.0,2.0,Always,Walking,Normal_Weight,20.227025721531216,Normal_Weight,classifier,0.9982697,0.00024579768,0.9982697,0.00023816011,0.00094313925,0.0003031598
25.478662,Male,1.858265,117.57457,Sometimes,yes,2.028571,3.0,no,no,2.530428,yes,1.31257,0.066805,Sometimes,Public_Transportation,Obesity_Type_II,34.0485094797693,Obesity_Type_II,clustering_override_stage2,0.9989858,9.078397e-05,0.00011509204,0.9989858,0.00020156967,0.00060667295
31.743821,Male,1.67782,102.022057,no,yes,2.826036,2.371658,no,no,1.0,yes,1.996487,0.0,Sometimes,Public_Transportation,Obesity_Type_II,36.24126444899761,Obesity_Type_I,classifier,0.9989004,9.604461e-05,0.00014952914,0.9989004,0.0001333174,0.0007207318
40.501722,Male,1.744974,111.169678,no,yes,2.294259,2.850948,no,no,1.87029,yes,0.917014,0.0,Sometimes,Automobile,Obesity_Type_II,36.5097136695882,Obesity_Type_II,clustering_override_stage2,0.9984546,0.00011103449,9.59042e-05,0.9984546,0.0002526151,0.0010858946
31.426573,Male,1.848683,99.0,Sometimes,yes,2.759286,2.59257,no,no,2.549617,yes,1.427233,0.519395,Sometimes,Automobile,Overweight_Level_II,28.967452229142477,Overweight_Level_II,classifier,0.99751854,0.00035795625,0.0002919707,0.000946889,0.0008847234,0.99751854
21.708354,Female,1.704167,50.165754,no,yes,2.969205,3.21043,no,no,2.765876,yes,0.611037,1.300692,Frequently,Public_Transportation,Insufficient_Weight,17.273607283642665,Insufficient_Weight,classifier,0.9996013,0.9996013,0.00012483449,6.845508e-05,9.265135e-05,0.00011278492
20.901393,Female,1.709585,75.0,Sometimes,yes,2.104105,3.0,no,no,1.871033,yes,1.0,0.0,Sometimes,Public_Transportation,Overweight_Level_I,25.66137162382134,Overweight_Level_I,classifier,0.99900264,0.00018244765,0.00037925725,0.00017389895,0.99900264,0.00026175677
17.0,Male,1.72,62.0,no,yes,2.0,3.0,no,no,2.0,no,3.0,1.0,Always,Public_Transportation,Normal_Weight,20.9572742022715,Normal_Weight,classifier,0.99929917,0.00011210686,0.99929917,0.00010182177,0.00034614795,0.00014069292
22.0,Female,1.6,82.0,Sometimes,yes,1.0,1.0,no,no,2.0,yes,0.0,2.0,Sometimes,Public_Transportation,Obesity_Type_I,32.03124999999999,Obesity_Type_I,classifier,0.9990439,8.4317e-05,0.00019054697,0.9990439,0.0003157011,0.0003655396
20.989016,Female,1.80734,155.872093,Sometimes,yes,3.0,3.0,no,no,2.417122,yes,0.952725,0.573958,Sometimes,Public_Transportation,Obesity_Type_III,47.718704652597346,Obesity_Type_III,clustering_override,0.99897325,0.00012548214,9.36428e-05,0.99897325,0.00024163592,0.00056605047
23.572648,Male,1.698346,75.0,Sometimes,yes,2.0,3.0,no,no,2.0,yes,0.345684,1.415536,Sometimes,Public_Transportation,Overweight_Level_I,26.002129564490307,Overweight_Level_I,classifier,0.9984144,0.00021364441,0.00035373998,0.0003394665,0.9984144,0.00067870994
18.94093,Female,1.746411,133.676663,Sometimes,yes,3.0,3.0,no,no,2.864933,yes,1.501647,0.786846,Sometimes,Public_Transportation,Obesity_Type_III,43.82911276429377,Obesity_Type_III,clustering_override,0.998941,0.00012821518,0.00012448416,0.998941,0.0002745465,0.00053174153
20.400053,Female,1.529724,40.343463,Sometimes,yes,2.703436,2.884479,no,no,1.439962,no,0.144627,0.322307,Sometimes,Public_Transportation,Insufficient_Weight,17.24038712804867,Insufficient_Weight,classifier,0.9991779,0.9991779,0.00021045587,0.00012543486,0.0003908475,9.537577e-05
25.986368,Female,1.668951,112.249699,Sometimes,yes,3.0,3.0,no,no,2.930137,yes,0.043101,0.138629,Sometimes,Public_Transportation,Obesity_Type_III,40.29934736489165,Obesity_Type_III,clustering_override,0.9994904,8.7046494e-05,5.994194e-05,0.9994904,0.00018029264,0.00018231125
21.344018,Female,1.746516,144.302261,Sometimes,yes,3.0,3.0,no,no,2.36651,yes,1.247505,0.723366,Sometimes,Public_Transportation,Obesity_Type_III,47.30728221106271,Obesity_Type_III,clustering_override,0.9989716,0.00011624466,0.00011069053,0.9989716,0.00023473782,0.0005668028
19.0,Female,1.7,64.0,no,yes,3.0,3.0,yes,no,3.0,yes,3.0,1.0,no,Public_Transportation,Normal_Weight,22.145328719723185,Normal_Weight,classifier,0.99846315,0.0002942507,0.99846315,0.00018058393,0.00073918514,0.00032290403
26.0,Female,1.643421,111.939983,Sometimes,yes,3.0,3.0,no,no,2.722276,yes,0.0,0.091711,Sometimes,Public_Transportation,Obesity_Type_III,41.44647235619173,Obesity_Type_III,clustering_override,0.9994754,8.5323656e-05,0.0001129552,0.9994754,0.00017354707,0.0001528355
28.255199,Male,1.816547,120.699119,Sometimes,yes,2.997951,3.0,no,no,2.715856,yes,0.739881,0.972054,Sometimes,Automobile,Obesity_Type_II,36.57723075995545,Obesity_Type_II,clustering_override_stage2,0.9988148,0.00010959481,7.15657e-05,0.9988148,0.00024276024,0.00076126785
18.0,Female,1.55,56.0,no,yes,2.0,3.0,no,no,1.0,no,0.0,0.0,Sometimes,Automobile,Normal_Weight,23.309053069719038,Normal_Weight,classifier,0.99706525,0.00020987153,0.99706525,0.00023158328,0.0022779221,0.00021535579
26.0,Female,1.635905,111.571076,Sometimes,yes,3.0,3.0,no,no,2.511399,yes,0.0,0.258472,Sometimes,Public_Transportation,Obesity_Type_III,41.690342391609654,Obesity_Type_III,clustering_override,0.99949634,8.5325446e-05,0.000116328694,0.99949634,0.00016519472,0.00013681051
31.490699,Male,1.773521,120.209711,Sometimes,yes,2.777165,3.0,no,no,2.106861,yes,0.925941,0.2916,Sometimes,Automobile,Obesity_Type_II,38.21790552752661,Obesity_Type_II,clustering_override_stage2,0.99897516,0.00010695474,6.684056e-05,0.99897516,0.00029583584,0.0005552919
21.838323,Female,1.758959,137.79299,Sometimes,yes,3.0,3.0,no,no,2.640539,yes,1.879818,0.885993,Sometimes,Public_Transportation,Obesity_Type_III,44.536459703223315,Obesity_Type_III,clustering_override,0.9990796,0.00011625723,0.00011535493,0.9990796,0.00023785491,0.0004509541
26.0,Female,1.616975,104.846218,Sometimes,yes,3.0,3.0,no,no,2.653563,yes,0.0,0.55415,Sometimes,Public_Transportation,Obesity_Type_III,40.100164904227576,Obesity_Type_III,clustering_override,0.9994443,8.5321e-05,0.0001157237,0.9994443,0.0001576692,0.00019699479
31.190219,Male,1.842812,125.973927,Sometimes,yes,2.151335,3.0,no,yes,1.491169,yes,0.883542,0.527766,Sometimes,Public_Transportation,Obesity_Type_II,37.09527582273026,Obesity_Type_II,clustering_override_stage2,0.9985977,0.00012597395,8.432742e-05,0.9985977,0.0002282003,0.00096380414
20.394082,Female,1.747714,128.148108,Sometimes,yes,3.0,3.0,no,no,2.232601,yes,0.554323,0.836151,Sometimes,Public_Transportation,Obesity_Type_III,41.95381591479212,Obesity_Type_III,clustering_override,0.99895453,0.0001173776,8.61339e-05,0.99895453,0.00026345663,0.0005784392
23.384374,Male,1.725587,82.480214,Sometimes,yes,2.712747,2.853676,no,no,1.526313,yes,1.0,0.173665,Sometimes,Public_Transportation,Overweight_Level_II,27.699763337046242,Overweight_Level_II,classifier,0.99632096,0.00030002018,0.00026324388,0.00045106022,0.0026646864,0.99632096
30.958051,Male,1.906821,128.856677,Sometimes,yes,2.633855,3.0,no,no,1.619305,yes,1.847802,0.424612,Sometimes,Public_Transportation,Obesity_Type_II,35.43945830221833,Obesity_Type_II,clustering_override_stage2,0.99883,0.00014324138,0.000113715214,0.99883,0.00027473812,0.0006382725
33.009285,Male,1.741192,84.773349,no,yes,2.0,3.0,no,no,2.035954,yes,1.210736,0.0,Sometimes,Automobile,Overweight_Level_II,27.96185725070372,Overweight_Level_II,classifier,0.9979095,0.00012968927,0.00023621292,0.00032179165,0.0014028419,0.9979095
30.684347,Male,1.915,129.966428,Sometimes,yes,2.108638,3.0,no,yes,1.014876,yes,0.987521,0.047473,Sometimes,Public_Transportation,Obesity_Type_II,35.439992910170496,Obesity_Type_II,clustering_override_stage2,0.998547,0.00014571802,9.01338e-05,0.998547,0.00028402582,0.0009330584
24.006271,Male,1.607787,100.783434,no,yes,2.880759,1.487674,no,no,1.01378,yes,1.00109,1.09838,Sometimes,Public_Transportation,Obesity_Type_II,38.98810494903576,Obesity_Type_I,classifier,0.9993024,9.1167654e-05,9.531918e-05,0.9993024,0.00010612672,0.0004049321
25.968792,Female,1.632896,104.988925,Sometimes,yes,3.0,3.0,no,no,1.239833,yes,0.162279,0.619235,Sometimes,Public_Transportation,Obesity_Type_III,39.37553236426866,Obesity_Type_III,clustering_override,0.9994541,8.842436e-05,6.1346684e-05,0.9994541,0.00018576966,0.00021035229
23.254934,Male,1.84753,122.06261,Sometimes,yes,3.0,2.280545,no,no,1.591597,yes,0.932783,0.0,Sometimes,Public_Transportation,Obesity_Type_II,35.76017650366873,Obesity_Type_II,clustering_override_stage2,0.998884,0.0001277481,0.00014662422,0.998884,0.0001989335,0.0006427111
36.023972,Male,1.670667,90.575934,Sometimes,yes,2.903545,1.508685,no,no,2.450069,yes,1.45473,0.0,Sometimes,Automobile,Obesity_Type_I,32.45136973368614,Obesity_Type_I,classifier,0.9988543,9.540172e-05,0.000107001695,0.9988543,0.0002946103,0.0006486707
23.432227,Male,1.754996,119.087557,Sometimes,yes,1.631144,3.0,no,no,2.0,yes,1.593183,0.86374,Sometimes,Public_Transportation,Obesity_Type_II,38.664653647654994,Obesity_Type_II,clustering_override_stage2,0.99889636,7.373137e-05,0.00013410799,0.99889636,0.00019554603,0.00070027396
23.426036,Female,1.739991,133.485478,Sometimes,yes,3.0,3.0,no,no,2.837797,yes,1.343875,0.803156,Sometimes,Public_Transportation,Obesity_Type_III,44.08999170794325,Obesity_Type_III,clustering_override,0.99907,0.00010685265,9.626304e-05,0.99907,0.00019562237,0.0005313249
19.17614,Female,1.666194,124.805868,Sometimes,yes,3.0,3.0,no,no,1.228838,yes,0.792553,0.639561,Sometimes,Public_Transportation,Obesity_Type_III,44.95560768494614,Obesity_Type_III,clustering_override,0.9992569,0.000107169035,7.462664e-05,0.9992569,0.00026063606,0.00030066448
25.151286,Male,1.761519,112.835195,Sometimes,yes,1.289315,3.0,no,no,2.007348,yes,1.376217,0.001518,Sometimes,Public_Transportation,Obesity_Type_II,36.36385521864256,Obesity_Type_II,clustering_override_stage2,0.9988159,8.010921e-05,0.00017589782,0.9988159,0.00022003295,0.0007080817
25.523127,Male,1.786532,114.534678,Sometimes,yes,2.100177,3.0,no,no,2.099687,yes,1.281165,0.247332,Sometimes,Public_Transportation,Obesity_Type_II,35.88520239224693,Obesity_Type_II,clustering_override_stage2,0.9991831,0.000102633996,9.863666e-05,0.9991831,0.00017169824,0.00044393758
20.580984,Male,1.798354,103.705418,no,yes,2.0,3.0,no,no,2.401315,yes,2.891986,0.0,Sometimes,Public_Transportation,Obesity_Type_I,32.06646424764234,Obesity_Type_I,classifier,0.9989165,8.031265e-05,0.00022024995,0.9989165,0.00022102491,0.0005619052
24.05331,Male,1.872561,121.471077,Sometimes,yes,2.808027,2.683061,no,no,2.640483,yes,1.280191,0.0,Sometimes,Public_Transportation,Obesity_Type_II,34.641838603860705,Obesity_Type_II,clustering_override_stage2,0.9989367,0.00013084922,0.0001583632,0.9989367,0.00020952862,0.0005644923
23.47007,Male,1.842906,121.142535,Sometimes,yes,3.0,2.701689,no,no,2.738485,yes,0.992253,0.0,Sometimes,Public_Transportation,Obesity_Type_II,35.66894707233117,Obesity_Type_II,clustering_override_stage2,0.99897087,0.000121293255,0.00013910665,0.99897087,0.00017363722,0.0005951543
23.0,Female,1.649736,84.134712,no,yes,2.334474,1.496776,no,no,2.776724,yes,0.782416,0.167728,Sometimes,Public_Transportation,Obesity_Type_I,30.91336696814127,Obesity_Type_I,classifier,0.99953175,8.630301e-05,5.1710223e-05,0.99953175,0.00013005815,0.0002001525
36.542885,Male,1.75,119.434645,Sometimes,yes,2.72989,3.0,no,no,2.030084,yes,0.592607,0.754417,Sometimes,Automobile,Obesity_Type_II,38.99906775510204,Obesity_Type_II,clustering_override_stage2,0.99853826,0.00010842936,6.764055e-05,0.99853826,0.0003564017,0.0009293146
22.087389,Male,1.786238,89.802492,Sometimes,yes,1.718156,1.631184,no,no,2.0,yes,0.0,0.306124,Sometimes,Public_Transportation,Overweight_Level_II,28.145550016494674,Overweight_Level_II,classifier,0.99730587,0.0002861669,0.00062565785,0.0007470715,0.0010352761,0.99730587
33.251015,Female,1.730379,75.920519,Sometimes,yes,2.013782,2.625942,no,no,1.045586,yes,0.553305,0.480214,Sometimes,Automobile,Overweight_Level_I,25.355763751089377,Overweight_Level_I,classifier,0.9996246,5.2761075e-05,4.101582e-05,9.364445e-05,0.9996246,0.00018799458
25.0,Male,1.83,121.0,Sometimes,no,3.0,3.0,no,no,3.0,yes,2.0,0.0,Sometimes,Walking,Obesity_Type_II,36.1312669831885,Obesity_Type_II,clustering_override_stage2,0.99810284,0.00015452785,0.00040809088,0.99810284,0.00035128792,0.0009832478
28.992809,Male,1.909105,129.874864,Sometimes,yes,2.206119,3.0,no,no,1.483856,yes,1.113169,0.0,Sometimes,Public_Transportation,Obesity_Type_II,35.63407384427021,Obesity_Type_II,clustering_override_stage2,0.99881554,0.00013777711,0.00014988247,0.99881554,0.00024221928,0.00065464387
25.982113,Female,1.627818,105.428628,Sometimes,yes,3.0,3.0,no,no,1.48075,yes,0.098043,0.663492,Sometimes,Public_Transportation,Obesity_Type_III,39.78751926048898,Obesity_Type_III,clustering_override,0.99946254,8.6180415e-05,5.978989e-05,0.99946254,0.0001810554,0.00021047085
26.844812,Male,1.69151,102.59518,no,yes,2.680375,1.089048,no,no,1.366238,yes,0.181324,1.041677,Sometimes,Public_Transportation,Obesity_Type_II,35.85731930096215,Obesity_Type_I,classifier,0.9988387,9.7078315e-05,6.845102e-05,0.9988387,0.000119776305,0.0008760377
18.503343,Female,1.683124,126.67378,Sometimes,yes,3.0,3.0,no,no,1.115967,yes,1.541072,1.0,Sometimes,Public_Transportation,Obesity_Type_III,44.71513073213511,Obesity_Type_III,clustering_override,0.9987464,0.00015893408,0.0001745115,0.9987464,0.0002890999,0.00063108205
25.66668,Male,1.79858,117.93329,Sometimes,yes,2.037042,3.0,no,no,2.43699,yes,1.016254,0.020044,Sometimes,Public_Transportation,Obesity_Type_II,36.456661401812966,Obesity_Type_II,clustering_override_stage2,0.99903035,7.4911586e-05,9.833672e-05,0.99903035,0.00016553266,0.0006308618
24.291205,Female,1.71146,113.372851,Sometimes,yes,3.0,3.0,no,no,2.796894,yes,0.382189,0.16779,Sometimes,Public_Transportation,Obesity_Type_III,38.705756612595735,Obesity_Type_III,clustering_override,0.9992119,0.000104295315,7.073671e-05,0.9992119,0.00022737174,0.00038567584
25.955014,Female,1.626449,104.879602,Sometimes,yes,3.0,3.0,no,no,2.094901,yes,0.07089,0.599441,Sometimes,Public_Transportation,Obesity_Type_III,39.64698175935894,Obesity_Type_III,clustering_override,0.9994967,8.489933e-05,5.884856e-05,0.9994967,0.00015692305,0.00020266742
20.261925,Male,1.807538,85.316125,Sometimes,yes,2.0,3.0,no,no,1.968011,yes,1.072662,0.776758,Sometimes,Public_Transportation,Overweight_Level_I,26.112968769292852,Overweight_Level_I,classifier,0.9979036,0.00021817927,0.0003666285,0.00047488825,0.9979036,0.0010367513
21.008297,Female,1.723587,131.929712,Sometimes,yes,3.0,3.0,no,no,1.683448,yes,1.645532,0.858059,Sometimes,Public_Transportation,Obesity_Type_III,44.40953182592802,Obesity_Type_III,clustering_override,0.99894994,0.00012519975,0.00012319606,0.99894994,0.00027304547,0.00052858604
33.722449,Male,1.712905,103.276087,no,yes,2.525884,2.040582,no,no,1.0,yes,1.67036,0.023959,Sometimes,Public_Transportation,Obesity_Type_II,35.19923464882163,Obesity_Type_I,classifier,0.9988317,0.000113462025,0.00012139681,0.9988317,0.00019818895,0.00073521957
22.717943,Female,1.59559,44.581159,no,no,2.596579,1.10548,no,no,1.490613,no,0.345684,0.0,Frequently,Public_Transportation,Insufficient_Weight,17.510911102943165,Insufficient_Weight,classifier,0.99937147,0.99937147,0.00025510546,9.2233546e-05,0.00013325606,0.00014799966
21.232659,Female,1.719913,131.567481,Sometimes,yes,3.0,3.0,no,no,1.651462,yes,1.655993,0.939982,Sometimes,Public_Transportation,Obesity_Type_III,44.477011811603724,Obesity_Type_III,clustering_override,0.998909,0.00012614175,0.00011842669,0.998909,0.00025664247,0.0005897999
30.605225,Male,1.75,120.0,Sometimes,yes,2.758394,3.0,no,yes,2.174248,yes,1.079524,1.358163,Sometimes,Automobile,Obesity_Type_II,39.183673469387756,Obesity_Type_II,clustering_override_stage2,0.9986859,0.000106339765,9.896248e-05,0.9986859,0.00026402707,0.00084480003
20.924956,Female,1.752531,133.618706,Sometimes,yes,3.0,3.0,no,no,2.887659,yes,1.480919,0.779641,Sometimes,Public_Transportation,Obesity_Type_III,43.50466652160695,Obesity_Type_III,clustering_override,0.9989888,0.00012048173,0.00011968627,0.9989888,0.0002481223,0.0005228843
26.0,Female,1.641132,111.841706,Sometimes,yes,3.0,3.0,no,no,2.617401,yes,0.0,0.200379,Sometimes,Public_Transportation,Obesity_Type_III,41.52568024920383,Obesity_Type_III,clustering_override,0.99949825,8.5325606e-05,0.00011632891,0.99949825,0.00016683972,0.00013322721
22.705772,Male,1.841989,122.024954,Sometimes,yes,3.0,2.52751,no,no,1.645338,yes,1.025438,0.0,Sometimes,Public_Transportation,Obesity_Type_II,35.96454646230526,Obesity_Type_II,clustering_override_stage2,0.99882466,0.00013929988,0.0001999047,0.99882466,0.00021026393,0.0006258337
25.015173,Male,1.788239,115.382519,Sometimes,yes,1.735664,3.0,no,no,2.041536,yes,1.392406,0.39174,Sometimes,Public_Transportation,Obesity_Type_II,36.0818578848991,Obesity_Type_II,clustering_override_stage2,0.9991572,7.144386e-05,0.00010895114,0.9991572,0.0001859768,0.00047650072
25.959772,Female,1.642098,104.966758,Sometimes,yes,3.0,3.0,no,no,1.482002,yes,0.204108,0.657221,Sometimes,Public_Transportation,Obesity_Type_III,38.92724240582724,Obesity_Type_III,clustering_override,0.9994555,8.61798e-05,5.915233e-05,0.9994555,0.00018864912,0.00021046938
19.0,Male,1.8,80.0,Sometimes,yes,2.0,1.0,no,no,2.0,no,2.0,1.0,Sometimes,Public_Transportation,Normal_Weight,24.691358024691358,Normal_Weight,classifier,0.98921293,0.0003516475,0.98921293,0.0004804664,0.009032054,0.0009229165
26.0,Female,1.643167,111.894229,Sometimes,yes,3.0,3.0,no,no,2.72005,yes,0.0,0.127443,Sometimes,Public_Transportation,Obesity_Type_III,41.4423409600643,Obesity_Type_III,clustering_override,0.9994754,8.5323656e-05,0.0001129552,0.9994754,0.00017354707,0.0001528355
24.912254,Male,1.75596,112.277567,Sometimes,yes,1.397468,3.0,no,no,2.01897,yes,0.665439,0.062167,Sometimes,Automobile,Obesity_Type_II,36.41361162181951,Obesity_Type_II,clustering_override_stage2,0.9986681,7.574755e-05,8.097229e-05,0.9986681,0.00033851454,0.0008367312
30.595632,Male,1.910672,129.232708,Sometimes,yes,2.497548,3.0,no,no,1.362583,yes,1.144076,0.173232,Sometimes,Public_Transportation,Obesity_Type_II,35.39974766201641,Obesity_Type_II,clustering_override_stage2,0.99886656,0.00014324662,0.00011188011,0.99886656,0.00028300256,0.0005953527
25.883749,Male,1.767077,114.133149,Sometimes,yes,2.225731,3.0,no,no,2.154326,yes,1.266866,0.390178,Sometimes,Public_Transportation,Obesity_Type_II,36.551133659279856,Obesity_Type_II,clustering_override_stage2,0.9991788,0.000101808444,9.848255e-05,0.9991788,0.00016988047,0.00045101115
39.759575,Male,1.792507,101.780099,Sometimes,yes,2.33361,2.113575,no,no,2.504136,yes,2.998981,1.0,Sometimes,Automobile,Obesity_Type_I,31.67678874885374,Obesity_Type_I,classifier,0.9985671,0.00012309132,0.00015442673,0.9985671,0.00038867444,0.00076667016
34.139453,Male,1.774647,120.151967,Sometimes,no,2.962415,3.0,no,no,2.172649,yes,1.097905,0.0,Sometimes,Automobile,Obesity_Type_II,38.15108788948853,Obesity_Type_II,clustering_override_stage2,0.9981006,0.00013931509,0.00015492059,0.9981006,0.00037216544,0.0012330656
28.825279,Male,1.815347,120.399758,Sometimes,yes,2.9673,3.0,no,no,2.530035,yes,1.045107,0.947866,Sometimes,Automobile,Obesity_Type_II,36.53476433649179,Obesity_Type_II,clustering_override_stage2,0.9987625,0.000112855574,9.747676e-05,0.9987625,0.00023449516,0.00079269893
26.0,Female,1.623707,105.037463,Sometimes,yes,3.0,3.0,no,no,2.553198,yes,0.0,0.393838,Sometimes,Public_Transportation,Obesity_Type_III,39.84087771662129,Obesity_Type_III,clustering_override,0.9995066,8.532632e-05,0.00011632988,0.9995066,0.00015593774,0.00013581716
26.199321,Male,1.885119,121.065052,Sometimes,yes,2.423291,3.0,no,no,2.902682,yes,1.243567,0.555591,Sometimes,Public_Transportation,Obesity_Type_II,34.06757742059983,Obesity_Type_II,clustering_override_stage2,0.9988508,0.00013556168,0.00010597047,0.9988508,0.00020154953,0.000706068
37.997912,Male,1.76071,118.668332,Sometimes,yes,2.611222,2.992083,no,no,1.796376,yes,0.641954,0.20281,Sometimes,Automobile,Obesity_Type_II,38.278875948104705,Obesity_Type_II,clustering_override_stage2,0.99866736,0.00011168384,6.914228e-05,0.99866736,0.00043247532,0.0007193072
24.408805,Male,1.779547,118.740035,Sometimes,yes,2.736298,2.992903,no,no,2.045561,yes,0.854957,0.428452,Sometimes,Public_Transportation,Obesity_Type_II,37.49542211303345,Obesity_Type_II,clustering_override_stage2,0.9989955,0.00010203127,6.921e-05,0.9989955,0.00015251903,0.00068081304
22.771612,Male,1.750384,95.324282,no,yes,2.0,3.0,no,no,3.0,yes,3.0,2.0,Sometimes,Public_Transportation,Obesity_Type_I,31.112640660638878,Obesity_Type_I,classifier,0.99871457,7.795648e-05,0.00018607372,0.99871457,0.00016277985,0.00085869315
20.013906,Male,1.647821,106.509947,no,yes,2.869778,1.468948,no,no,1.656082,yes,0.0,1.444033,Sometimes,Public_Transportation,Obesity_Type_II,39.22564576898316,Obesity_Type_II,clustering_override_stage2,0.9993173,9.806936e-05,0.00014000895,0.9993173,0.00014222965,0.00030240807
25.3292,Male,1.771817,114.004832,Sometimes,yes,1.528331,3.0,no,no,2.079353,yes,1.522429,0.228598,Sometimes,Public_Transportation,Obesity_Type_II,36.314956675457644,Obesity_Type_II,clustering_override_stage2,0.99912924,7.614795e-05,0.00011868992,0.99912924,0.00022520962,0.00045078257
18.0,Male,1.784402,108.413119,no,yes,2.0,2.475444,no,no,2.655795,yes,1.0,0.169879,Sometimes,Public_Transportation,Obesity_Type_I,34.04837867566261,Obesity_Type_II,clustering_override_stage2,0.9986473,0.000100377554,0.00015255604,0.9986473,0.00029173325,0.0008080765
24.63474,Male,1.829757,120.980508,Sometimes,yes,2.644094,3.0,no,no,2.740525,yes,2.0,0.500936,Sometimes,Public_Transportation,Obesity_Type_II,36.13504244686711,Obesity_Type_II,clustering_override_stage2,0.9990884,0.00011087592,0.00013308447,0.9990884,0.00017798143,0.00048962265
29.956198,Male,1.703688,82.207978,Sometimes,yes,2.119643,3.292956,no,no,1.723372,yes,0.0,0.987102,Sometimes,Automobile,Overweight_Level_II,28.322646865178246,Overweight_Level_II,classifier,0.9938992,0.0006945933,0.0007392384,0.00094462564,0.0037223478,0.9938992
25.951979,Female,1.661712,112.098616,Sometimes,yes,3.0,3.0,no,no,2.961899,yes,0.259424,0.080128,Sometimes,Public_Transportation,Obesity_Type_III,40.596513618061074,Obesity_Type_III,clustering_override,0.99948525,8.704605e-05,5.9941634e-05,0.99948525,0.00018586087,0.00018192736
21.334585,Female,1.729045,131.529267,Sometimes,yes,3.0,3.0,no,no,1.302193,yes,1.742453,0.94232,Sometimes,Public_Transportation,Obesity_Type_III,43.995656962866576,Obesity_Type_III,clustering_override,0.9989023,0.00012743128,0.000119637225,0.9989023,0.0002810959,0.00056949345
26.0,Female,1.623303,110.81746,Sometimes,yes,3.0,3.0,no,no,2.673754,yes,0.0,0.33929,Sometimes,Public_Transportation,Obesity_Type_III,42.05416449619929,Obesity_Type_III,clustering_override,0.99949884,8.532566e-05,0.000116328985,0.99949884,0.00016537592,0.00013407157
25.999942,Female,1.627483,104.881994,Sometimes,yes,3.0,3.0,no,no,2.569364,yes,0.159255,0.419446,Sometimes,Public_Transportation,Obesity_Type_III,39.59752246642627,Obesity_Type_III,clustering_override,0.9995141,8.532696e-05,5.8849582e-05,0.9995141,0.00016963306,0.00017209648
25.493586,Female,1.673665,104.704707,Sometimes,yes,3.0,3.0,no,no,1.170515,yes,0.264831,0.896842,Sometimes,Public_Transportation,Obesity_Type_III,37.379125569638404,Obesity_Type_III,clustering_override,0.99928266,9.013037e-05,6.211128e-05,0.99928266,0.0001890992,0.00037598994
21.394047,Female,1.792933,137.832414,Sometimes,yes,3.0,3.0,no,no,2.682909,yes,1.318743,0.900497,Sometimes,Public_Transportation,Obesity_Type_III,42.87688643977227,Obesity_Type_III,clustering_override,0.9990773,0.000116933916,0.00011129346,0.9990773,0.00021336791,0.00048106958
26.0,Female,1.641209,111.856492,Sometimes,yes,3.0,3.0,no,no,2.621877,yes,0.0,0.153669,Sometimes,Public_Transportation,Obesity_Type_III,41.52727322570336,Obesity_Type_III,clustering_override,0.99948394,8.5324384e-05,0.000112956164,0.99948394,0.00017354857,0.00014424446
19.179932,Male,1.637537,70.0,no,yes,2.0,1.030416,no,no,2.118716,yes,0.529259,0.0,Sometimes,Public_Transportation,Overweight_Level_I,26.104525097021114,Overweight_Level_I,classifier,0.9978592,0.00030163297,0.0008232299,0.00045947655,0.9978592,0.0005564629
19.783234,Female,1.747962,133.936535,Sometimes,yes,3.0,3.0,no,no,2.84174,yes,1.429256,0.775378,Sometimes,Public_Transportation,Obesity_Type_III,43.83642060933492,Obesity_Type_III,clustering_override,0.99890137,0.0001282101,0.00012315484,0.99890137,0.00027826254,0.0005690208
20.0,Male,1.65,80.0,no,no,2.0,3.0,no,no,2.0,yes,1.0,2.0,Sometimes,Walking,Overweight_Level_II,29.384756657483933,Overweight_Level_II,classifier,0.9988257,0.00012319484,0.00033733153,0.000359371,0.0003543482,0.9988257
34.821442,Male,1.805459,90.13868,Sometimes,yes,2.0,1.80993,no,no,2.174835,yes,0.340915,0.020153,Sometimes,Automobile,Overweight_Level_II,27.652597538854735,Overweight_Level_II,classifier,0.9953094,0.00017797317,0.00017743373,0.00059862906,0.0037365165,0.9953094
17.0,Male,1.9,60.0,no,no,3.0,3.0,no,no,2.0,no,3.0,1.0,Sometimes,Walking,Insufficient_Weight,16.62049861495845,Insufficient_Weight,classifier,0.9940989,0.9940989,0.0048309034,0.00018517068,0.0004915393,0.00039346665
37.186795,Male,1.704877,107.94747,no,yes,2.549782,3.985442,no,no,1.0,yes,1.976582,0.0,Sometimes,Public_Transportation,Obesity_Type_II,37.13867149787683,Obesity_Type_II,clustering_override_stage2,0.9985574,0.00014362422,0.00018810737,0.9985574,0.00041750798,0.0006933398
24.145295,Male,1.82559,120.860386,Sometimes,yes,2.403421,3.0,no,no,2.490613,yes,2.0,0.707768,Sometimes,Public_Transportation,Obesity_Type_II,36.26414818039963,Obesity_Type_II,clustering_override_stage2,0.9990583,0.00011031895,0.00013308047,0.9990583,0.00016408392,0.0005342144
25.19291,Female,1.7,80.749657,Frequently,yes,2.54527,3.0,no,no,2.269564,yes,0.503122,1.0,Sometimes,Public_Transportation,Overweight_Level_II,27.94105778546713,Overweight_Level_II,classifier,0.9984995,0.00019227352,0.0001521756,0.00026769537,0.00088837685,0.9984995
24.622054,Male,1.756509,117.368716,Sometimes,yes,1.451337,3.0,no,no,2.0,yes,1.384607,0.631217,Sometimes,Public_Transportation,Obesity_Type_II,38.040971079979876,Obesity_Type_II,clustering_override_stage2,0.99867463,7.9698e-05,0.00014341838,0.99867463,0.00020578539,0.0008964974
19.364339,Female,1.80835,150.51648,Sometimes,yes,3.0,3.0,no,no,2.305574,yes,1.734424,0.863043,Sometimes,Public_Transportation,Obesity_Type_III,46.02767864662287,Obesity_Type_III,clustering_override,0.99892235,0.00013519438,0.00014085798,0.99892235,0.00030575765,0.00049586076
38.644441,Male,1.768235,117.792268,Sometimes,yes,2.230742,2.920373,no,no,1.831187,yes,0.756277,0.0,Sometimes,Automobile,Obesity_Type_II,37.673573651848336,Obesity_Type_II,clustering_override_stage2,0.99859005,0.000108737586,9.641217e-05,0.99859005,0.00038199415,0.000822727
26.0,Female,1.60937,105.407313,Sometimes,yes,3.0,3.0,no,no,2.609052,yes,0.0,0.54859,Sometimes,Public_Transportation,Obesity_Type_III,40.69667610224539,Obesity_Type_III,clustering_override,0.99944466,8.532103e-05,0.00011530303,0.99944466,0.00015766926,0.00019699486
21.291969,Female,1.8002,155.242672,Sometimes,yes,3.0,3.0,no,no,2.351193,yes,1.051889,0.686491,Sometimes,Public_Transportation,Obesity_Type_III,47.90375906707448,Obesity_Type_III,clustering_override,0.9989428,0.00012293816,0.00012005697,0.9989428,0.00022549939,0.0005887041
21.90012,Female,1.843419,165.057269,Sometimes,yes,3.0,3.0,no,no,2.406541,yes,0.10032,0.479221,Sometimes,Public_Transportation,Obesity_Type_III,48.57206150220591,Obesity_Type_III,clustering_override,0.9989993,0.00013084157,9.297889e-05,0.9989993,0.00028344724,0.0004934637
18.301773,Female,1.808765,140.292018,Sometimes,yes,3.0,3.0,no,no,2.830247,yes,1.783138,0.789064,Sometimes,Public_Transportation,Obesity_Type_III,42.88137185843751,Obesity_Type_III,clustering_override,0.9987104,0.00016061217,0.00016734056,0.9987104,0.0003533653,0.00060833414
21.473078,Male,1.694423,80.311273,no,yes,2.0,2.646717,no,no,2.0,yes,2.627515,1.358812,Sometimes,Public_Transportation,Overweight_Level_II,27.972599936221762,Overweight_Level_II,classifier,0.9986877,0.00013341568,0.0003034982,0.00026326271,0.00061218056,0.9986877
18.0,Female,1.6,60.0,no,yes,3.0,1.0,yes,no,1.0,yes,0.0,2.0,Sometimes,Walking,Normal_Weight,23.437499999999996,Normal_Weight,classifier,0.9934661,0.00057204434,0.9934661,0.0004467066,0.0051514786,0.00036367454
17.70368,Male,1.883364,60.0,no,yes,3.0,3.626815,no,no,2.0,yes,2.011519,0.456462,Sometimes,Automobile,Insufficient_Weight,16.915417482616117,Insufficient_Weight,classifier,0.9982316,0.9982316,0.001002093,0.00016468448,0.00037645153,0.0002252572
26.0,Female,1.583889,110.545378,Sometimes,yes,3.0,3.0,no,no,2.578292,yes,0.0,0.492394,Sometimes,Public_Transportation,Obesity_Type_III,44.06472901796858,Obesity_Type_III,clustering_override,0.99942267,8.8212015e-05,0.000119209915,0.99942267,0.00016104509,0.00020892642
22.978655,Female,1.664622,114.465425,Sometimes,yes,3.0,3.0,no,no,2.408442,yes,0.194056,0.803141,Sometimes,Public_Transportation,Obesity_Type_III,41.308846213676674,Obesity_Type_III,clustering_override,0.99946123,8.782375e-05,5.9631562e-05,0.99946123,0.0001718781,0.00021949144
25.612462,Female,1.674515,112.879662,Sometimes,yes,3.0,3.0,no,no,2.989389,yes,0.36009,0.169016,Sometimes,Public_Transportation,Obesity_Type_III,40.256648525844405,Obesity_Type_III,clustering_override,0.9993793,8.9620604e-05,6.171446e-05,0.9993793,0.00018673336,0.00028268484
25.717522,Male,1.673491,103.706181,no,yes,2.668949,1.134321,no,no,1.279443,yes,0.11243,1.135503,Sometimes,Public_Transportation,Obesity_Type_II,37.030355332462584,Obesity_Type_I,classifier,0.9992157,8.9974914e-05,6.9806934e-05,0.9992157,0.00010975953,0.00051476754
20.0,Male,1.98,125.0,Sometimes,yes,2.0,3.0,no,no,3.0,yes,1.0,1.0,Always,Public_Transportation,Obesity_Type_I,31.88450158147128,Obesity_Type_II,clustering_override_stage2,0.99823284,0.00011475889,0.00029654388,0.99823284,0.00030047123,0.0010554058
23.0,Male,1.74,53.0,no,yes,2.0,3.0,no,no,1.0,no,3.0,2.0,Frequently,Public_Transportation,Insufficient_Weight,17.50561500858766,Insufficient_Weight,classifier,0.9960454,0.9960454,0.0030795808,0.00020797929,0.00040152494,0.0002655166
39.585811,Male,1.719153,86.464843,no,yes,2.325623,1.313403,no,no,1.94609,yes,0.604259,0.0,Sometimes,Automobile,Overweight_Level_II,29.2557002976408,Overweight_Level_II,classifier,0.998865,0.00019426111,0.00016771062,0.00033248472,0.0004405534,0.998865
25.783865,Female,1.643111,109.910012,Sometimes,yes,3.0,3.0,no,no,1.530992,yes,0.01586,0.445495,Sometimes,Public_Transportation,Obesity_Type_III,40.71021997767448,Obesity_Type_III,clustering_override,0.9994684,8.661349e-05,5.915309e-05,0.9994684,0.00018079109,0.00020501539
27.635029,Male,1.806227,120.423567,Sometimes,yes,2.974006,3.0,no,no,2.565828,yes,0.690269,1.339691,Sometimes,Public_Transportation,Obesity_Type_II,36.9119362539363,Obesity_Type_II,clustering_override_stage2,0.9989548,0.00010961017,7.8278325e-05,0.9989548,0.00015542805,0.0007019019
20.0,Female,1.62,52.0,no,yes,3.0,3.0,no,no,1.0,no,3.0,1.0,Frequently,Automobile,Normal_Weight,19.81405273586343,Normal_Weight,classifier,0.99808925,0.0010199002,0.99808925,0.00019136127,0.0005162888,0.00018322286
30.577343,Male,1.868923,125.064264,Sometimes,yes,2.050619,3.0,no,yes,1.515183,yes,0.849811,0.261901,Sometimes,Public_Transportation,Obesity_Type_II,35.80555535730679,Obesity_Type_II,clustering_override_stage2,0.9987947,0.00010234715,8.786753e-05,0.9987947,0.00026673463,0.0007483252
20.101026,Male,1.619128,104.303711,no,yes,2.870895,1.627555,no,no,1.375728,yes,0.210181,1.163117,Sometimes,Public_Transportation,Obesity_Type_II,39.78665187420884,Obesity_Type_I,classifier,0.99939597,9.807708e-05,7.489549e-05,0.99939597,0.00014685615,0.00028424125
18.0,Female,1.6,56.0,Sometimes,yes,2.0,1.0,no,no,2.0,yes,1.0,0.0,Always,Walking,Normal_Weight,21.874999999999996,Normal_Weight,classifier,0.99883956,0.00016772491,0.99883956,0.0001720174,0.00066149747,0.00015920028
26.0,Female,1.644141,111.942544,Sometimes,yes,3.0,3.0,no,no,2.763005,yes,0.0,0.101867,Sometimes,Public_Transportation,Obesity_Type_III,41.4111273342214,Obesity_Type_III,clustering_override,0.9994754,8.5323656e-05,0.0001129552,0.9994754,0.00017354707,0.0001528355
21.556361,Male,1.773664,116.160329,Sometimes,yes,2.0,3.0,no,no,2.0,yes,1.399183,1.0,Sometimes,Public_Transportation,Obesity_Type_II,36.92454316742395,Obesity_Type_II,clustering_override_stage2,0.9987606,7.9539175e-05,0.00018160154,0.9987606,0.00018251933,0.0007958011
34.204408,Female,1.664927,80.386078,no,yes,2.0,3.0,no,no,2.641642,yes,0.285889,1.50301,Sometimes,Automobile,Overweight_Level_II,28.99949583201345,Overweight_Level_II,classifier,0.9956636,0.00042571937,0.0004193299,0.0016767071,0.0018147196,0.9956636
41.0,Female,1.54,80.0,Sometimes,yes,2.0,3.0,no,no,1.0,yes,0.0,0.0,Always,Automobile,Obesity_Type_I,33.732501264968796,Obesity_Type_I,classifier,0.9982002,9.292773e-05,0.00029703797,0.9982002,0.0009842837,0.00042555988
18.178023,Male,1.85478,114.77484,Sometimes,yes,2.0,1.854536,no,no,2.160169,yes,1.0,2.0,Sometimes,Public_Transportation,Obesity_Type_I,33.36275355880804,Obesity_Type_II,clustering_override_stage2,0.99829787,0.0001271566,0.00018620321,0.99829787,0.00029715456,0.0010916429
30.188303,Male,1.758382,112.10074,Sometimes,yes,1.387489,3.0,no,no,2.017712,yes,0.0,0.731257,Sometimes,Automobile,Obesity_Type_II,36.25617803144194,Obesity_Type_II,clustering_override_stage2,0.9984896,7.8638644e-05,0.00014281426,0.9984896,0.00035343194,0.00093552616
21.0,Male,1.610209,68.865008,Sometimes,yes,1.910176,2.938135,no,no,2.943097,no,0.997202,0.207922,no,Public_Transportation,Overweight_Level_I,26.56036890658145,Overweight_Level_I,classifier,0.99896884,0.00015379532,0.000196771,0.00019040042,0.99896884,0.0004902382
29.981494,Male,1.773181,112.348722,Sometimes,yes,1.947495,3.0,no,no,2.042073,yes,0.0,0.618087,Sometimes,Automobile,Obesity_Type_II,35.73238448125317,Obesity_Type_II,clustering_override_stage2,0.9988689,6.6476976e-05,0.000122023026,0.9988689,0.00027776512,0.0006648804
20.700876,Female,1.68838,121.889803,Sometimes,yes,3.0,3.0,no,no,1.353167,yes,1.093679,0.534553,Sometimes,Public_Transportation,Obesity_Type_III,42.758944595936875,Obesity_Type_III,clustering_override,0.9990878,0.00010783372,0.00010187609,0.9990878,0.00021989417,0.0004826412
25.964788,Female,1.623938,109.984263,Sometimes,yes,3.0,3.0,no,no,2.471721,yes,9.6e-05,0.433463,Sometimes,Public_Transportation,Obesity_Type_III,41.70533943363345,Obesity_Type_III,clustering_override,0.9994405,8.532067e-05,0.000115723255,0.9994405,0.00015576633,0.00020265603
40.366238,Male,1.722396,109.349025,no,yes,2.281963,3.770379,no,no,1.0,yes,1.330519,0.0,Sometimes,Automobile,Obesity_Type_II,36.85945407311948,Obesity_Type_II,clustering_override_stage2,0.9981895,0.00015856713,0.00016764166,0.9981895,0.0006587843,0.00082548073
26.624342,Male,1.690262,103.180918,no,yes,2.649406,1.120102,no,no,1.153286,yes,0.216908,0.619012,Sometimes,Public_Transportation,Obesity_Type_II,36.11530872452178,Obesity_Type_I,classifier,0.9990734,9.366067e-05,6.1024384e-05,0.9990734,0.000120172794,0.00065171655
22.0,Female,1.7,66.0,Sometimes,no,3.0,3.0,yes,no,2.0,yes,2.0,1.0,Always,Public_Transportation,Normal_Weight,22.837370242214536,Normal_Weight,classifier,0.99800473,0.00022970518,0.99800473,0.00017313016,0.00068441144,0.0009080776
31.761799,Male,1.751688,119.205308,Sometimes,yes,2.14961,3.0,no,no,2.133876,yes,0.393452,0.345887,Sometimes,Automobile,Obesity_Type_II,38.849200401401625,Obesity_Type_II,clustering_override_stage2,0.99885595,0.00010313534,6.586073e-05,0.99885595,0.00031672508,0.0006583374
29.08107,Female,1.674568,71.602622,Sometimes,yes,2.0,3.0,no,no,1.701835,yes,1.682271,0.0,Sometimes,Automobile,Overweight_Level_I,25.534264351815867,Overweight_Level_I,classifier,0.9993506,8.043527e-05,0.00027317245,0.00012730574,0.9993506,0.00016842832
21.768153,Female,1.76416,133.888629,Sometimes,yes,3.0,3.0,no,no,2.32502,yes,1.441791,0.918468,Sometimes,Public_Transportation,Obesity_Type_III,43.01973718430366,Obesity_Type_III,clustering_override,0.99900913,0.00011624904,0.0001106947,0.99900913,0.00022253701,0.00054133387
24.284833,Female,1.650726,113.774198,Sometimes,yes,3.0,3.0,no,no,2.75137,yes,0.324913,0.516764,Sometimes,Public_Transportation,Obesity_Type_III,41.75358778588377,Obesity_Type_III,clustering_override,0.9994777,8.539475e-05,5.8501737e-05,0.9994777,0.00016695373,0.00021152625
39.648946,Female,1.572791,80.086524,no,yes,2.071622,2.977909,no,no,1.468297,yes,0.0,0.0,Sometimes,Automobile,Obesity_Type_I,32.37556928600289,Obesity_Type_I,classifier,0.99881774,0.00011366676,0.00017686434,0.99881774,0.00041486317,0.00047681882
25.97731,Female,1.617817,104.950776,Sometimes,yes,3.0,3.0,no,no,1.71659,yes,0.001272,0.545993,Sometimes,Public_Transportation,Obesity_Type_III,40.09838346669101,Obesity_Type_III,clustering_override,0.9994172,8.660905e-05,0.00011674601,0.9994172,0.00016869017,0.00021073606
25.062942,Male,1.828391,120.998266,Sometimes,yes,3.0,3.0,no,no,3.0,yes,1.685369,0.264969,Sometimes,Public_Transportation,Obesity_Type_II,36.19436792921904,Obesity_Type_II,clustering_override_stage2,0.99917835,0.000115282084,0.0001440423,0.99917835,0.00019395899,0.00036831616
22.758998,Male,1.859717,121.284533,Sometimes,yes,2.654076,2.574108,no,no,1.78471,yes,1.170537,0.0,Sometimes,Public_Transportation,Obesity_Type_II,35.068056549499204,Obesity_Type_II,clustering_override_stage2,0.99887234,0.00014401384,0.00017261103,0.99887234,0.00021734266,0.00059364
19.528936,Female,1.817917,142.559161,Sometimes,yes,3.0,3.0,no,no,2.562002,yes,1.976427,0.740331,Sometimes,Public_Transportation,Obesity_Type_III,43.13671101131875,Obesity_Type_III,clustering_override,0.99894387,0.00013519729,0.00014683662,0.99894387,0.00031116424,0.0004629256
21.67315,Female,1.5,63.65233,no,no,2.0,1.474836,no,no,2.0,yes,0.274838,0.613902,Sometimes,Public_Transportation,Overweight_Level_II,28.289924444444445,Overweight_Level_II,classifier,0.9975001,0.00034699938,0.00048868277,0.0004663704,0.0011978422,0.9975001
38.71216,Male,1.770278,117.29188,Sometimes,yes,2.252382,2.842848,no,no,1.879381,yes,0.919388,0.0,Sometimes,Automobile,Obesity_Type_II,37.42699877093472,Obesity_Type_II,clustering_override_stage2,0.9986168,0.00010782268,9.613059e-05,0.9986168,0.00036741735,0.00081179803
21.635977,Female,1.748106,133.259033,Sometimes,yes,3.0,3.0,no,no,1.931163,yes,1.562213,0.926565,Sometimes,Public_Transportation,Obesity_Type_III,43.60749408912462,Obesity_Type_III,clustering_override,0.998941,0.00012486987,0.00012075283,0.998941,0.0002634043,0.00054996694
18.0,Female,1.622241,68.250249,no,yes,2.0,1.010319,no,no,1.319437,yes,0.0,1.626456,Sometimes,Public_Transportation,Overweight_Level_I,25.934238074597676,Overweight_Level_I,classifier,0.99898,0.0001522182,0.00040936656,0.00023479444,0.99898,0.00022356433
29.509151,Male,1.770663,112.471118,Sometimes,yes,2.303041,3.0,no,no,2.065817,yes,0.0,0.725222,Sometimes,Automobile,Obesity_Type_II,35.87312307892319,Obesity_Type_II,clustering_override_stage2,0.99889565,9.958319e-05,0.000118246346,0.99889565,0.00025161542,0.0006348428
29.687488,Male,1.909198,129.679131,Sometimes,yes,2.08868,3.0,no,no,1.520215,yes,1.857351,0.0,Sometimes,Public_Transportation,Obesity_Type_II,35.57690385200799,Obesity_Type_II,clustering_override_stage2,0.9988423,0.00013851252,0.00015539718,0.9988423,0.00026324118,0.0006005898
26.0,Female,1.631856,110.804337,Sometimes,yes,3.0,3.0,no,no,2.70485,yes,0.0,0.243338,Sometimes,Public_Transportation,Obesity_Type_III,41.609557207123046,Obesity_Type_III,clustering_override,0.9995036,8.5326064e-05,0.00011632954,0.9995036,0.00016214061,0.00013264273
21.568951,Female,1.699315,133.10761,Sometimes,yes,3.0,3.0,no,no,1.733306,yes,1.773304,0.921136,Sometimes,Public_Transportation,Obesity_Type_III,46.095136312623445,Obesity_Type_III,clustering_override,0.9990578,0.00011265289,0.00010533562,0.9990578,0.00022025443,0.00050397223
27.931432,Male,1.805445,119.484614,Sometimes,yes,2.911312,3.0,no,no,2.501808,yes,0.94676,0.785701,Sometimes,Automobile,Obesity_Type_II,36.655863883391646,Obesity_Type_II,clustering_override_stage2,0.99882215,0.00010839588,6.9111535e-05,0.99882215,0.00022873667,0.00077153073
20.102241,Female,1.816868,153.959945,Sometimes,yes,3.0,3.0,no,no,2.414739,yes,1.917014,0.927982,Sometimes,Public_Transportation,Obesity_Type_III,46.6402635180873,Obesity_Type_III,clustering_override,0.99896073,0.00012886988,0.00014306285,0.99896073,0.0002795737,0.00048777822
24.443011,Male,1.873368,121.82962,Sometimes,yes,2.722161,2.658837,no,no,2.375707,yes,1.299469,0.0,Sometimes,Public_Transportation,Obesity_Type_II,34.71416269287719,Obesity_Type_II,clustering_override_stage2,0.99890816,0.00013084548,0.00015835867,0.99890816,0.00021242166,0.00059022004
21.566815,Female,1.748533,133.94608,Sometimes,yes,3.0,3.0,no,no,2.833566,yes,1.413239,0.862724,Sometimes,Public_Transportation,Obesity_Type_III,43.810916854725996,Obesity_Type_III,clustering_override,0.9990109,0.00011624924,0.0001106949,0.9990109,0.00023067322,0.00053140346
18.335019,Female,1.771043,137.044959,Sometimes,yes,3.0,3.0,no,no,2.861533,yes,1.70464,0.655571,Sometimes,Public_Transportation,Obesity_Type_III,43.69229464880232,Obesity_Type_III,clustering_override,0.9987735,0.00015059081,0.00014777746,0.9987735,0.00033906274,0.0005889909
28.704462,Male,1.762887,113.90198,Sometimes,yes,2.323351,3.0,no,no,2.165048,yes,0.0,1.493716,Sometimes,Automobile,Obesity_Type_II,36.65070418155507,Obesity_Type_II,clustering_override_stage2,0.998803,0.00010294504,0.00012662009,0.998803,0.00022954498,0.00073792535
20.406871,Female,1.755978,53.699561,no,yes,2.0,3.891994,no,no,1.86393,yes,2.870127,2.0,Frequently,Public_Transportation,Insufficient_Weight,17.4153655324191,Insufficient_Weight,classifier,0.99777836,0.99777836,0.0014132961,0.00017909227,0.00037416953,0.00025510817
29.713169,Male,1.763259,113.215814,Sometimes,yes,2.181057,3.0,no,no,2.08554,yes,0.0,1.439004,Sometimes,Automobile,Obesity_Type_II,36.41454391883929,Obesity_Type_II,clustering_override_stage2,0.99877137,9.933264e-05,0.00012661608,0.99877137,0.00025140255,0.0007512114
25.426457,Male,1.836592,118.377601,Sometimes,yes,1.84199,3.0,no,no,2.503244,yes,1.226019,0.078207,Sometimes,Public_Transportation,Obesity_Type_II,35.094912017005655,Obesity_Type_II,clustering_override_stage2,0.9989524,7.694389e-05,0.00012341133,0.9989524,0.00022604501,0.0006212164
27.439056,Male,1.785277,112.740797,Sometimes,yes,2.155182,3.0,no,no,2.049079,yes,0.0,1.74992,Sometimes,Automobile,Obesity_Type_II,35.372836018193205,Obesity_Type_II,clustering_override_stage2,0.99889225,0.00010047382,0.00012572709,0.99889225,0.00022297363,0.00065861654
25.989938,Female,1.644199,105.036075,Sometimes,yes,3.0,3.0,no,no,2.310076,yes,0.07115,0.733085,Sometimes,Public_Transportation,Obesity_Type_III,38.85346226000829,Obesity_Type_III,clustering_override,0.9994856,8.489839e-05,5.8220798e-05,0.9994856,0.00016322325,0.00020805931
26.0,Female,1.643332,110.824698,Sometimes,yes,3.0,3.0,no,no,2.709654,yes,0.0,0.25115,Sometimes,Public_Transportation,Obesity_Type_III,41.03797590350559,Obesity_Type_III,clustering_override,0.9994955,8.532537e-05,0.00011295747,0.9994955,0.00017355056,0.00013264165
32.787101,Male,1.903832,99.812443,Sometimes,yes,2.0,1.863012,no,no,2.196471,yes,1.0,0.0,Sometimes,Automobile,Overweight_Level_II,27.537685835013196,Overweight_Level_II,classifier,0.99537355,0.00022487846,0.00036633355,0.0007736053,0.003261672,0.99537355
23.455303,Female,1.677672,114.470482,Sometimes,yes,3.0,3.0,no,no,2.426094,yes,0.294763,0.737226,Sometimes,Public_Transportation,Obesity_Type_III,40.670489443357155,Obesity_Type_III,clustering_override,0.9992281,8.9399546e-05,6.1552666e-05,0.9992281,0.00017194309,0.00044903747
21.849705,Female,1.770612,133.963349,Sometimes,yes,3.0,3.0,no,no,2.825629,yes,1.399183,0.928972,Sometimes,Public_Transportation,Obesity_Type_III,42.73061954191888,Obesity_Type_III,clustering_override,0.99907625,0.00011493123,0.00011061423,0.99907625,0.00021341427,0.00048477232
37.207082,Male,1.762921,118.40174,Sometimes,yes,2.13683,2.993084,no,no,1.885926,yes,0.615298,0.0,Sometimes,Automobile,Obesity_Type_II,38.09714075173541,Obesity_Type_II,clustering_override_stage2,0.99847645,0.00010901738,9.633016e-05,0.99847645,0.00036949548,0.0009486529
25.0,Female,1.57,55.0,Sometimes,yes,2.0,1.0,no,no,2.0,no,2.0,0.0,Sometimes,Public_Transportation,Normal_Weight,22.313278429145196,Normal_Weight,classifier,0.99911433,0.00015507765,0.99911433,0.0001814676,0.0003751033,0.00017398757
38.683794,Female,1.501993,76.642944,Sometimes,yes,2.0,3.0,no,no,1.0,yes,0.0,0.0,Sometimes,Automobile,Obesity_Type_I,33.97319259479558,Obesity_Type_I,classifier,0.9975998,9.652741e-05,0.00028834507,0.9975998,0.0015521308,0.0004631809
24.0,Female,1.6,100.5,Sometimes,yes,3.0,1.0,no,no,1.0,yes,0.0,2.0,Sometimes,Public_Transportation,Obesity_Type_II,39.25781249999999,Obesity_Type_I,classifier,0.9992874,0.00010217035,0.00017037157,0.9992874,0.00018996555,0.00025006008
33.749594,Male,1.701387,107.025415,no,yes,2.561638,2.87747,no,no,1.0,yes,1.980401,0.0,Sometimes,Automobile,Obesity_Type_II,36.972660277441506,Obesity_Type_II,clustering_override_stage2,0.9987834,0.00011024989,0.00015545977,0.9987834,0.00023314719,0.00071779406
19.565496,Male,1.705584,78.025625,Sometimes,no,1.936479,2.837388,no,no,2.159987,yes,1.475772,0.646514,Sometimes,Public_Transportation,Overweight_Level_II,26.821992058662506,Overweight_Level_I,classifier_low_confidence,0.8719745,0.0012331672,0.0019065181,0.0017457411,0.8719745,0.12314007
26.348156,Male,1.830317,117.75701,Sometimes,yes,2.068834,3.0,no,no,2.543841,yes,1.217993,0.038253,Sometimes,Public_Transportation,Obesity_Type_II,35.15071334083062,Obesity_Type_II,clustering_override_stage2,0.99902534,0.00010898872,0.00010137264,0.99902534,0.00019701215,0.00056730944
25.722004,Female,1.62847,107.218949,Sometimes,yes,3.0,3.0,no,no,2.48707,yes,0.067329,0.455823,Sometimes,Public_Transportation,Obesity_Type_III,40.43077080591454,Obesity_Type_III,clustering_override,0.9994962,8.532543e-05,5.884853e-05,0.9994962,0.0001583436,0.00020119661
17.807828,Female,1.518067,55.822119,Sometimes,yes,1.773265,2.118153,yes,no,1.075239,no,0.085388,1.915191,Sometimes,Public_Transportation,Overweight_Level_I,24.222805335527866,Overweight_Level_I,classifier,0.9802797,0.0011258039,0.016357802,0.001129359,0.9802797,0.0011073283
25.314589,Male,1.787802,115.127662,no,yes,1.588114,3.0,no,no,2.115967,yes,1.541072,0.0,Sometimes,Automobile,Obesity_Type_II,36.01976271990862,Obesity_Type_II,clustering_override_stage2,0.9987772,7.721308e-05,0.00016569097,0.9987772,0.00031531384,0.000664588
18.88061,Male,1.80416,104.40682,no,yes,2.0,3.0,no,no,3.0,yes,2.2405,0.0,Sometimes,Public_Transportation,Obesity_Type_I,32.07589392591837,Obesity_Type_I,classifier,0.9987675,8.9279194e-05,0.00026826691,0.9987675,0.00028146003,0.00059357233
24.041043,Male,1.613491,98.490766,no,yes,3.0,2.120936,no,no,1.0,yes,1.543386,0.890213,Sometimes,Public_Transportation,Obesity_Type_II,37.83227175325641,Obesity_Type_I,classifier,0.9993154,9.128063e-05,0.00011073085,0.9993154,0.00011221361,0.0003704086
26.0,Female,1.634894,111.946321,Sometimes,yes,3.0,3.0,no,no,2.737353,yes,0.0,0.076094,Sometimes,Public_Transportation,Obesity_Type_III,41.882309860058186,Obesity_Type_III,clustering_override,0.9994803,8.532407e-05,0.00011632682,0.9994803,0.00016519206,0.00015283626
26.0,Female,1.633442,111.821817,Sometimes,yes,3.0,3.0,no,no,2.550672,yes,0.0,0.224655,Sometimes,Public_Transportation,Obesity_Type_III,41.91013969311396,Obesity_Type_III,clustering_override,0.999506,8.532627e-05,0.000116329815,0.999506,0.000162141,0.00013020981
20.781751,Female,1.734092,125.117633,Sometimes,yes,3.0,3.0,no,no,1.54249,yes,0.6277,0.450479,Sometimes,Public_Transportation,Obesity_Type_III,41.607751824546405,Obesity_Type_III,clustering_override,0.99890435,0.0001221805,8.668721e-05,0.99890435,0.00031623067,0.0005705277
26.0,Female,1.63302,111.863186,Sometimes,yes,3.0,3.0,no,no,2.584305,yes,0.0,0.232108,Sometimes,Public_Transportation,Obesity_Type_III,41.9473159354331,Obesity_Type_III,clustering_override,0.999506,8.532627e-05,0.000116329815,0.999506,0.000162141,0.00013020981
20.914366,Male,1.644751,101.067988,no,yes,2.801992,1.343117,no,no,1.128942,yes,0.233987,0.81998,Sometimes,Public_Transportation,Obesity_Type_II,37.36055351397437,Obesity_Type_I,classifier,0.9994168,9.5364914e-05,6.729221e-05,0.9994168,0.00013659573,0.00028391535
23.260061,Male,1.849003,121.414744,Sometimes,yes,3.0,2.595126,no,no,2.054072,yes,0.835271,0.0,Sometimes,Public_Transportation,Obesity_Type_II,35.51372250401323,Obesity_Type_II,clustering_override_stage2,0.998936,0.00012465211,0.00014295892,0.998936,0.00018238886,0.00061396864
30.64243,Male,1.653876,102.583895,no,yes,2.919526,2.142328,no,no,1.175714,yes,0.958555,0.636289,Sometimes,Public_Transportation,Obesity_Type_II,37.503629072594066,Obesity_Type_I,classifier,0.99916375,9.117187e-05,6.0012364e-05,0.99916375,0.00011861458,0.00056646357
26.0,Female,1.600905,110.074946,Sometimes,yes,3.0,3.0,no,no,2.555189,yes,0.0,0.462973,Sometimes,Public_Transportation,Obesity_Type_III,42.94942550276982,Obesity_Type_III,clustering_override,0.99942786,8.821248e-05,0.00011921054,0.99942786,0.00016104593,0.00020367085
18.532826,Female,1.75091,142.545183,Sometimes,yes,3.0,3.0,no,no,2.372058,yes,1.324805,0.870795,Sometimes,Public_Transportation,Obesity_Type_III,46.49699642847757,Obesity_Type_III,clustering_override,0.99865484,0.00015230948,0.00014630429,0.99865484,0.0003302125,0.0007162542
19.012872,Female,1.742062,133.779919,Sometimes,yes,3.0,3.0,no,no,2.70196,yes,1.465909,0.813235,Sometimes,Public_Transportation,Obesity_Type_III,44.082245987481755,Obesity_Type_III,clustering_override,0.9989121,0.00012821147,0.00012448056,0.9989121,0.00027261,0.00056263607
23.0,Male,1.67,85.5,no,yes,2.0,3.0,no,no,2.0,yes,0.0,1.0,Always,Public_Transportation,Obesity_Type_I,30.657248377496504,Obesity_Type_I,classifier,0.9985227,8.249986e-05,0.000282386,0.9985227,0.00014400146,0.00096846465
30.451174,Male,1.758539,111.950413,Sometimes,yes,1.067909,3.656401,no,no,1.98459,yes,0.054238,0.0,Sometimes,Automobile,Obesity_Type_II,36.20109369077696,Obesity_Type_II,clustering_override_stage2,0.998083,9.936827e-05,0.000121951794,0.998083,0.0007758469,0.00091985724
22.283082,Male,1.870931,89.251639,Sometimes,yes,2.0,2.799979,no,no,1.081333,yes,0.444347,1.0,Sometimes,Public_Transportation,Overweight_Level_I,25.497679518825827,Overweight_Level_I,classifier,0.9957734,0.00038802475,0.00047009732,0.00081325485,0.9957734,0.0025552218
19.0,Female,1.51,45.0,Sometimes,yes,2.0,4.0,no,no,1.0,no,3.0,0.0,Sometimes,Public_Transportation,Normal_Weight,19.735976492259113,Normal_Weight,classifier,0.9977731,0.0008297574,0.9977731,0.00027040695,0.0008720415,0.00025467266
26.0,Female,1.62495,111.00492,Sometimes,yes,3.0,3.0,no,no,2.704315,yes,0.0,0.322666,Sometimes,Public_Transportation,Obesity_Type_III,42.03995318808736,Obesity_Type_III,clustering_override,0.99949884,8.532566e-05,0.000116328985,0.99949884,0.00016537592,0.00013407157
23.712641,Female,1.742901,132.8071,Sometimes,yes,3.0,3.0,no,no,2.856795,yes,1.046463,0.586163,Sometimes,Public_Transportation,Obesity_Type_III,43.71956732964607,Obesity_Type_III,clustering_override,0.9989998,0.000107381224,9.859204e-05,0.9989998,0.00019728894,0.00059695763
21.82165,Female,1.491441,62.269912,no,no,2.0,1.477581,no,no,1.995035,yes,0.324676,0.51743,Sometimes,Public_Transportation,Overweight_Level_II,27.994073366456362,Overweight_Level_II,classifier,0.99677974,0.00046111987,0.00055865897,0.0006166548,0.0015838387,0.99677974
23.826684,Male,1.783609,120.921535,Sometimes,yes,2.591292,2.956422,no,no,2.31083,yes,1.48524,0.281815,Sometimes,Public_Transportation,Obesity_Type_II,38.01056641810793,Obesity_Type_II,clustering_override_stage2,0.99924576,0.000104985025,9.5951094e-05,0.99924576,0.00017044636,0.0003829061
23.887569,Male,1.657995,90.0,no,yes,2.0,3.0,no,no,3.0,yes,0.603638,0.969085,Sometimes,Public_Transportation,Obesity_Type_I,32.73980409533679,Obesity_Type_I,classifier,0.999132,5.701031e-05,7.290944e-05,0.999132,0.00010065658,0.000637505
24.5822,Male,1.769933,117.708705,Sometimes,yes,1.475906,2.999346,no,no,2.01943,yes,1.046878,0.460866,Sometimes,Public_Transportation,Obesity_Type_II,37.57464865986675,Obesity_Type_II,clustering_override_stage2,0.99866915,7.8052086e-05,0.000114801485,0.99866915,0.0001968392,0.00094121456
22.977357,Male,1.839699,120.431551,Sometimes,yes,2.382705,2.938902,no,no,1.999278,yes,1.686229,0.630866,Sometimes,Public_Transportation,Obesity_Type_II,35.58334201689476,Obesity_Type_II,clustering_override_stage2,0.9988432,0.00012053519,0.0001160172,0.9988432,0.00018713616,0.0007331227
16.834813,Female,1.74402,50.0,Sometimes,yes,2.19005,3.420618,no,no,1.356405,no,1.351996,0.98468,Sometimes,Public_Transportation,Insufficient_Weight,16.43868533225836,Insufficient_Weight,classifier,0.99925405,0.99925405,0.00025228705,7.580833e-05,0.00032333125,9.45034e-05
18.904037,Female,1.743589,133.281333,Sometimes,yes,3.0,3.0,no,no,2.684819,yes,1.46525,0.804491,Sometimes,Public_Transportation,Obesity_Type_III,43.84106410080448,Obesity_Type_III,clustering_override,0.9989091,0.00012821109,0.00012448018,0.9989091,0.00027552684,0.0005626344
20.924808,Male,1.803245,105.686091,Sometimes,yes,2.0,3.0,no,no,2.290368,yes,0.001086,0.544128,Sometimes,Public_Transportation,Obesity_Type_I,32.50187095616554,Obesity_Type_I,classifier,0.9988661,7.931948e-05,0.00017975473,0.9988661,0.00020505858,0.00066981115
18.48207,Female,1.7,50.0,Sometimes,yes,1.592183,3.535016,no,no,1.086391,no,0.618913,1.0,Sometimes,Public_Transportation,Insufficient_Weight,17.301038062283737,Insufficient_Weight,classifier,0.99859196,0.99859196,0.00045562108,0.00016267577,0.0005772317,0.00021253696
26.0,Female,1.631547,111.588625,Sometimes,yes,3.0,3.0,no,no,2.554007,yes,0.0,0.252635,Sometimes,Public_Transportation,Obesity_Type_III,41.919949245499,Obesity_Type_III,clustering_override,0.9995036,8.5326064e-05,0.00011632954,0.9995036,0.00016214061,0.00013264273
24.475242,Female,1.694726,112.776612,Sometimes,yes,3.0,3.0,no,no,2.724099,yes,0.336795,0.153462,Sometimes,Public_Transportation,Obesity_Type_III,39.26630709933085,Obesity_Type_III,clustering_override,0.9992706,9.4470095e-05,6.381409e-05,0.9992706,0.00019443917,0.00037664128
25.902283,Female,1.678658,104.954834,Sometimes,yes,3.0,3.0,no,no,1.66616,yes,0.210351,0.73421,Sometimes,Public_Transportation,Obesity_Type_III,37.24585918726152,Obesity_Type_III,clustering_override,0.9991725,9.251707e-05,6.3756066e-05,0.9991725,0.00019069803,0.00048051655
23.083621,Male,1.848553,121.421121,Sometimes,yes,3.0,2.567567,no,no,2.011023,yes,0.916478,0.0,Sometimes,Public_Transportation,Obesity_Type_II,35.532881254604085,Obesity_Type_II,clustering_override_stage2,0.99891376,0.00012884379,0.00014616005,0.99891376,0.0001864729,0.0006247683
34.799519,Female,1.689141,50.0,no,yes,2.652779,3.804944,no,no,1.60114,yes,0.174692,0.096982,Frequently,Public_Transportation,Insufficient_Weight,17.52419984648443,Insufficient_Weight,classifier,0.99931395,0.99931395,0.00018815655,0.00010264616,0.00023009384,0.00016515495
18.233541,Female,1.792378,137.859737,Sometimes,yes,3.0,3.0,no,no,2.838893,yes,1.990317,0.735868,Sometimes,Public_Transportation,Obesity_Type_III,42.91194863465988,Obesity_Type_III,clustering_override,0.9987509,0.000157021,0.00015884299,0.9987509,0.00035038812,0.00058280263
18.0,Female,1.55,50.0,no,yes,3.0,3.0,no,no,1.0,yes,1.0,2.0,Frequently,Public_Transportation,Normal_Weight,20.811654526534856,Normal_Weight,classifier,0.99577147,0.0019326577,0.99577147,0.00045410005,0.001188101,0.00065360166
18.0,Male,1.76,69.5,no,no,3.0,3.0,no,no,3.0,no,2.0,2.0,Frequently,Public_Transportation,Normal_Weight,22.43672520661157,Normal_Weight,classifier,0.99802494,0.00034966308,0.99802494,0.00020081195,0.00077795325,0.0006466414
21.0,Female,1.5,65.0,Sometimes,no,2.0,3.0,no,no,2.0,yes,2.0,2.0,Sometimes,Public_Transportation,Overweight_Level_II,28.88888888888889,Overweight_Level_II,classifier,0.9990657,8.51152e-05,0.00037982975,0.000109540095,0.00035980134,0.9990657
33.0,Male,1.83,113.0,Frequently,yes,2.0,1.0,no,no,2.0,yes,1.0,2.0,Always,Automobile,Obesity_Type_I,33.74242288512645,Obesity_Type_II,clustering_override_stage2,0.998035,9.146507e-05,0.00023006294,0.998035,0.00029846525,0.0013449466
19.300435,Female,1.739354,49.649613,Sometimes,yes,3.0,3.754599,no,no,1.692112,no,2.0,1.0,Sometimes,Public_Transportation,Insufficient_Weight,16.411183711596255,Insufficient_Weight,classifier,0.9991375,0.9991375,0.00047802064,7.968082e-05,0.00020482326,9.994653e-05
25.996716,Female,1.62658,105.037203,Sometimes,yes,3.0,3.0,no,no,2.347322,yes,0.008013,0.503896,Sometimes,Public_Transportation,Obesity_Type_III,39.70016323948979,Obesity_Type_III,clustering_override,0.9994974,8.532553e-05,5.88486e-05,0.9994974,0.0001557752,0.00020266756
26.0,Female,1.622703,111.216192,Sometimes,yes,3.0,3.0,no,no,2.707201,yes,0.0,0.167272,Sometimes,Public_Transportation,Obesity_Type_III,42.23669648237708,Obesity_Type_III,clustering_override,0.9994997,8.532573e-05,0.00011632908,0.9994997,0.00016537606,0.0001332274
24.497373,Female,1.737056,132.527011,Sometimes,yes,3.0,3.0,no,no,2.86559,yes,0.973864,0.58345,Sometimes,Public_Transportation,Obesity_Type_III,43.921459555574955,Obesity_Type_III,clustering_override,0.9990227,0.00010522178,7.035909e-05,0.9990227,0.00019275791,0.0006088916
30.350516,Male,1.860292,123.721352,Sometimes,yes,2.002784,3.0,no,no,2.292906,yes,1.034031,0.0,Sometimes,Automobile,Obesity_Type_II,35.75052471436048,Obesity_Type_II,clustering_override_stage2,0.9985896,8.8480076e-05,0.00015469259,0.9985896,0.00031237796,0.00085488334
26.0,Female,1.621245,111.267334,Sometimes,yes,3.0,3.0,no,no,2.605685,yes,0.0,0.199227,Sometimes,Public_Transportation,Obesity_Type_III,42.33215551561567,Obesity_Type_III,clustering_override,0.999498,8.5325584e-05,0.00011632888,0.999498,0.00016537578,0.00013496047
25.988668,Female,1.621671,105.313967,Sometimes,yes,3.0,3.0,no,no,1.042989,yes,0.097114,0.42954,Sometimes,Public_Transportation,Obesity_Type_III,40.04612249373148,Obesity_Type_III,clustering_override,0.9994388,9.05287e-05,6.249301e-05,0.9994388,0.0001938333,0.00021428296
20.242237,Male,1.75633,54.567343,no,yes,2.0,3.98525,no,no,2.654078,yes,2.113151,2.0,Sometimes,Public_Transportation,Insufficient_Weight,17.689704097545913,Insufficient_Weight,classifier,0.9978575,0.9978575,0.0013350471,0.00017836705,0.000349925,0.00027918
21.0,Male,1.62,70.0,Sometimes,yes,2.0,1.0,no,no,3.0,no,1.0,0.0,no,Public_Transportation,Overweight_Level_I,26.672763298277697,Overweight_Level_I,classifier,0.9982078,0.00017827828,0.00071068393,0.0002279718,0.9982078,0.00067523785
26.0,Female,1.648143,111.950113,Sometimes,yes,3.0,3.0,no,no,2.786417,yes,0.0,0.079673,Sometimes,Public_Transportation,Obesity_Type_III,41.21304997997477,Obesity_Type_III,clustering_override,0.9994753,8.532364e-05,0.00011295518,0.9994753,0.00017354706,0.00015289731
21.412434,Female,1.675562,121.639178,Sometimes,yes,3.0,3.0,no,no,1.484938,yes,0.74225,0.604692,Sometimes,Public_Transportation,Obesity_Type_III,43.32638671502868,Obesity_Type_III,clustering_override,0.9991559,0.00010038722,7.0988994e-05,0.9991559,0.00022548749,0.00044724255
26.0,Female,1.633887,111.878132,Sometimes,yes,3.0,3.0,no,no,2.621976,yes,0.0,0.123861,Sometimes,Public_Transportation,Obesity_Type_III,41.90840881636733,Obesity_Type_III,clustering_override,0.9994803,8.532407e-05,0.00011632682,0.9994803,0.00016519206,0.00015283626
19.223259,Male,1.706082,78.073528,Sometimes,no,1.961347,3.0,no,no,2.0,yes,1.655488,1.0,Sometimes,Public_Transportation,Overweight_Level_II,26.8227932966895,Overweight_Level_I,classifier_low_confidence,0.880058,0.0014190349,0.0028951513,0.0017521104,0.880058,0.11387574
22.89974,Female,1.661715,82.595793,Sometimes,yes,1.203754,1.355354,no,no,2.765593,yes,0.128342,1.659476,Sometimes,Public_Transportation,Obesity_Type_I,29.911958308167144,Overweight_Level_II,classifier,0.980536,0.0012137408,0.0011902002,0.012241397,0.004818638,0.980536
21.052894,Male,1.694633,75.0522,Sometimes,yes,2.178889,3.563744,no,no,1.853991,yes,0.997731,0.0,Sometimes,Public_Transportation,Overweight_Level_I,26.134374409976218,Overweight_Level_I,classifier,0.9985998,0.00031511835,0.00039674438,0.00024662886,0.9985998,0.0004416369
